,open,high,low,close,volume,symbol
2024-06-07,55.3700,56.2750,55.2700,55.7300,4143499,DOW
2024-06-06,55.6200,56.0000,55.4300,55.6800,3463521,DOW
2024-06-05,55.1500,55.9400,55.0300,55.6900,3945277,DOW
2024-06-04,55.5700,55.7200,55.1000,55.1500,4600589,DOW
2024-06-03,57.5500,57.5900,55.4400,56.0700,4696573,DOW
2024-05-31,56.6300,57.7500,56.5910,57.6300,5920058,DOW
2024-05-30,57.0000,57.5500,56.9800,57.3900,3180411,DOW
2024-05-29,57.5000,57.6100,56.9700,57.0000,2969532,DOW
2024-05-28,57.9000,58.3650,57.7600,58.0400,2493681,DOW
2024-05-24,57.2900,57.8200,57.2800,57.7600,2675900,DOW
2024-05-23,57.4900,57.5200,56.8200,56.9200,3423516,DOW
2024-05-22,58.5200,58.6600,57.2900,57.6000,4852018,DOW
2024-05-21,59.1800,59.2900,58.8050,58.9100,2252890,DOW
2024-05-20,59.1000,59.4500,58.8000,59.2400,1915143,DOW
2024-05-17,59.0600,59.2100,58.7000,59.1900,2668713,DOW
2024-05-16,59.0400,59.4100,58.5100,58.7000,4871335,DOW
2024-05-15,60.0400,60.1900,58.9700,59.0600,3541172,DOW
2024-05-14,59.5600,59.9400,59.5150,59.6500,3516821,DOW
2024-05-13,59.5000,59.9200,59.2300,59.3600,2257733,DOW
2024-05-10,59.6900,60.1300,59.2800,59.4100,3053627,DOW
2024-05-09,58.7500,59.5900,58.7500,59.4500,4208243,DOW
2024-05-08,57.9400,59.3300,57.9400,58.6400,4950706,DOW
2024-05-07,57.6100,59.1300,57.3700,58.3600,6215160,DOW
2024-05-06,57.2600,57.3700,56.7200,57.3400,3862633,DOW
2024-05-03,57.1900,57.4300,56.7500,57.0400,2544394,DOW
2024-05-02,57.5700,57.7600,56.3899,56.8300,4453050,DOW
2024-05-01,57.0400,57.9500,56.4300,57.2300,5102871,DOW
2024-04-30,57.2700,57.9500,56.8800,56.9000,5566023,DOW
2024-04-29,57.2300,57.8300,57.1700,57.8000,4249776,DOW
2024-04-26,57.6500,58.2100,57.1500,57.2900,5573593,DOW
2024-04-25,57.7100,57.9000,55.0600,56.4400,7082841,DOW
2024-04-24,56.4100,57.2200,56.3800,56.9800,4954674,DOW
2024-04-23,56.6500,57.1018,56.4500,56.7400,3099345,DOW
2024-04-22,56.6200,57.3100,56.2800,56.9900,3211574,DOW
2024-04-19,56.4900,56.9200,56.3150,56.6600,3862096,DOW
2024-04-18,57.3000,57.3000,56.0400,56.4900,3856169,DOW
2024-04-17,57.1700,57.3600,56.6700,56.8200,2815378,DOW
2024-04-16,56.9800,57.1200,56.6400,56.8600,3098033,DOW
2024-04-15,58.2300,58.6700,56.9150,57.3200,3885266,DOW
2024-04-12,58.1200,58.6200,57.5600,57.6900,3788281,DOW
2024-04-11,58.9600,59.0000,58.2900,58.4600,3432099,DOW
2024-04-10,59.2100,59.6400,58.3700,58.8500,4251898,DOW
2024-04-09,59.9500,60.2500,59.4825,59.8700,3572445,DOW
2024-04-08,59.9500,60.1900,59.1500,59.5200,3775711,DOW
2024-04-05,59.9900,59.9900,59.0900,59.6900,3861194,DOW
2024-04-04,60.4100,60.6900,59.6450,59.8600,5380317,DOW
2024-04-03,59.3800,60.2800,59.3800,59.9900,4938391,DOW
2024-04-02,58.3300,59.3750,58.0113,59.2900,6329055,DOW
2024-04-01,57.8600,58.3400,57.4100,58.2600,3826979,DOW
2024-03-28,58.2000,58.4400,57.8000,57.9300,4064553,DOW
2024-03-27,57.5600,58.1600,57.4300,58.1400,5126900,DOW
2024-03-26,57.6700,57.6900,57.0600,57.0700,3621593,DOW
2024-03-25,57.7700,57.8500,57.2800,57.3900,3422417,DOW
2024-03-22,57.9900,58.2100,57.5800,57.6800,3375990,DOW
2024-03-21,58.5000,58.6200,57.5550,57.9300,5870747,DOW
2024-03-20,56.5700,58.7100,56.3800,58.1700,7789651,DOW
2024-03-19,56.7100,57.0500,56.4150,56.7600,6782690,DOW
2024-03-18,57.4000,57.4100,56.5590,56.7400,7409071,DOW
2024-03-15,57.3500,57.8000,56.9400,57.0400,20629643,DOW
2024-03-14,57.6600,57.9100,56.9250,57.3200,6848829,DOW
2024-03-13,57.8600,58.7400,57.6000,57.9700,7630445,DOW
2024-03-12,57.6400,57.8600,57.1600,57.6800,4047762,DOW
2024-03-11,56.6900,57.7950,56.5500,57.4300,4431573,DOW
2024-03-08,57.1000,57.6900,56.5700,56.6100,4723658,DOW
2024-03-07,57.3700,57.6550,56.5600,56.9400,4568758,DOW
2024-03-06,57.9500,58.1000,56.3510,56.8600,4840148,DOW
2024-03-05,56.6200,57.7400,56.6200,56.9800,6093430,DOW
2024-03-04,55.5300,57.1600,55.4800,57.0200,7042209,DOW
2024-03-01,55.8700,56.2300,55.6100,55.7700,4651350,DOW
2024-02-29,55.1900,56.0400,54.9700,55.8800,6733585,DOW
2024-02-28,55.4700,55.6900,55.0100,55.1000,4432765,DOW
2024-02-27,56.3700,56.5600,55.9507,56.2700,3912951,DOW
2024-02-26,56.1400,56.4800,55.8500,56.0700,3741571,DOW
2024-02-23,56.0300,56.8200,56.0000,56.3900,4414203,DOW
2024-02-22,55.7500,56.1850,55.6600,56.0000,5088582,DOW
2024-02-21,54.8400,55.8300,54.7600,55.7500,4067170,DOW
2024-02-20,54.7900,55.4500,54.4465,54.7100,4493926,DOW
2024-02-16,55.1300,55.9550,54.9600,55.4800,5060894,DOW
2024-02-15,53.9100,55.3800,53.8400,55.1700,4500494,DOW
2024-02-14,53.4900,53.8900,53.2300,53.5800,3766535,DOW
2024-02-13,54.0000,54.2700,52.6000,53.1800,5105470,DOW
2024-02-12,54.0000,55.2800,53.8500,54.7900,5262776,DOW
2024-02-09,53.7900,54.1200,53.5550,53.9900,3897487,DOW
2024-02-08,54.1700,54.2003,53.5000,53.8800,3554351,DOW
2024-02-07,54.2500,54.3900,53.7000,54.0900,3455830,DOW
2024-02-06,53.2200,54.1500,53.0500,54.0400,5213086,DOW
2024-02-05,52.5400,53.5390,52.3600,53.1600,5482053,DOW
2024-02-02,53.0900,53.7563,52.4900,53.4200,5720251,DOW
2024-02-01,53.9100,54.0100,52.6700,53.5400,5039993,DOW
2024-01-31,54.5000,54.5600,53.5800,53.6000,5472130,DOW
2024-01-30,53.6000,54.5350,53.5000,54.4700,4641015,DOW
2024-01-29,54.1700,54.2200,53.4100,54.0700,3742436,DOW
2024-01-26,55.0000,55.2950,53.7563,54.0600,5240823,DOW
2024-01-25,54.7600,55.1300,53.7700,54.9400,7240758,DOW
2024-01-24,53.7200,54.1300,53.0300,53.0900,5731672,DOW
2024-01-23,54.0000,54.4550,53.7450,53.9100,4668132,DOW
2024-01-22,52.7200,53.6200,52.5500,53.5600,5615698,DOW
2024-01-19,52.6900,52.9974,52.1200,52.8100,4171456,DOW
2024-01-18,52.5800,52.7300,52.1000,52.6000,4230478,DOW
2024-01-17,52.3300,52.6200,52.0400,52.4700,3469229,DOW
2024-01-16,53.3700,53.3900,52.2700,53.1000,5962760,DOW
2024-01-12,54.0200,54.1600,53.0150,53.3700,3673569,DOW
2024-01-11,53.2400,53.6700,52.7400,53.6400,4497368,DOW
2024-01-10,53.6500,53.9300,53.0450,53.3800,4062185,DOW
2024-01-09,54.5900,54.5900,53.7800,53.9400,4287002,DOW
2024-01-08,54.6800,55.1400,54.3900,55.0800,3966156,DOW
2024-01-05,54.0300,55.0300,53.9800,54.8200,3796337,DOW
2024-01-04,54.6000,54.9900,54.0450,54.1900,4579650,DOW
2024-01-03,54.8500,55.0800,53.9500,54.6300,4119952,DOW
2024-01-02,54.7400,55.6800,54.5850,55.3300,3533532,DOW
2023-12-29,55.1000,55.2600,54.6800,54.8400,2271489,DOW
2023-12-28,55.5900,55.7004,55.1600,55.2300,2172573,DOW
2023-12-27,55.6900,55.8579,55.4700,55.7100,2534025,DOW
2023-12-26,55.2100,55.8950,55.1200,55.7100,2266180,DOW
2023-12-22,55.0900,55.6600,54.8500,55.1200,2341994,DOW
2023-12-21,55.0100,55.2000,54.4800,54.9700,2653927,DOW
2023-12-20,54.7800,55.3500,54.5700,54.5800,4953500,DOW
2023-12-19,54.4700,55.0200,54.4000,54.9200,3689791,DOW
2023-12-18,54.7500,54.8300,54.0000,54.2500,3219199,DOW
2023-12-15,53.5600,54.3800,53.1200,54.2400,9910007,DOW
2023-12-14,52.8800,54.4500,52.7500,54.2300,7892923,DOW
2023-12-13,50.5500,52.4050,50.4600,52.3300,4774217,DOW
2023-12-12,51.2800,51.3623,50.5900,50.8200,4350494,DOW
2023-12-11,50.8700,51.5200,50.7600,51.2800,3582664,DOW
2023-12-08,51.0400,51.7800,50.9000,50.9200,3664115,DOW
2023-12-07,51.1100,51.2653,50.6150,51.0700,2822882,DOW
2023-12-06,51.4400,51.7300,50.7701,50.8900,3533106,DOW
2023-12-05,51.7400,51.8550,50.9700,51.1400,4691247,DOW
2023-12-04,52.2700,52.7700,51.9700,52.1000,6354711,DOW
2023-12-01,51.8000,52.6200,51.5700,52.3000,4274011,DOW
2023-11-30,51.5000,51.8800,51.2300,51.7500,4649814,DOW
2023-11-29,50.9900,51.9700,50.9700,51.3300,3551666,DOW
2023-11-28,51.2000,51.9700,50.5950,51.6900,6376948,DOW
2023-11-27,51.4000,51.6000,51.0200,51.1200,3896244,DOW
2023-11-24,51.5600,51.9400,51.4500,51.6700,1679728,DOW
2023-11-22,51.7500,51.7801,51.1000,51.4000,3139796,DOW
2023-11-21,51.6900,51.8500,51.4550,51.7300,2840792,DOW
2023-11-20,51.6700,51.8900,51.3600,51.6800,3761510,DOW
2023-11-17,51.8800,51.8800,51.2500,51.7000,3306157,DOW
2023-11-16,51.4700,51.6500,50.8700,51.4400,5034303,DOW
2023-11-15,51.1900,51.9000,50.8700,51.5300,5032481,DOW
2023-11-14,50.0000,51.4900,49.9300,51.0500,4849038,DOW
2023-11-13,49.1300,49.5200,48.9050,49.2400,3161041,DOW
2023-11-10,48.5400,49.6800,48.5100,49.4800,3825237,DOW
2023-11-09,48.7500,48.7800,48.2402,48.3600,3340916,DOW
2023-11-08,48.5400,48.6200,47.7800,48.3000,4133433,DOW
2023-11-07,48.7100,48.8700,48.2400,48.5300,5172694,DOW
2023-11-06,49.7300,49.8000,49.1400,49.3400,3641136,DOW
2023-11-03,49.4400,50.0750,49.4400,49.7300,3743982,DOW
2023-11-02,48.5800,49.0900,48.5100,48.9900,3741744,DOW
2023-11-01,48.2400,48.4250,47.6000,48.2100,4703010,DOW
2023-10-31,48.3900,48.7950,48.1100,48.3400,4660496,DOW
2023-10-30,48.6600,49.0500,47.9950,48.3400,3698613,DOW
2023-10-27,48.0200,48.5450,47.8400,48.1100,4714936,DOW
2023-10-26,47.4000,48.2800,47.4000,48.0200,6216235,DOW
2023-10-25,48.9300,49.0300,47.2600,47.5400,4920150,DOW
2023-10-24,48.4300,49.7200,48.0000,49.2400,5506665,DOW
2023-10-23,48.7700,48.9000,48.1250,48.2400,5592195,DOW
2023-10-20,49.4800,49.5700,48.9200,48.9900,3920006,DOW
2023-10-19,49.8000,50.2900,49.3850,49.4500,3754501,DOW
2023-10-18,50.3900,50.8300,49.9301,50.0800,3495270,DOW
2023-10-17,49.7500,51.0300,49.7300,50.7300,3309336,DOW
2023-10-16,50.3300,50.5300,49.7900,50.1900,2786407,DOW
2023-10-13,50.5600,50.7100,49.6100,49.7300,3659754,DOW
2023-10-12,51.3100,51.3100,49.7500,50.2500,3012479,DOW
2023-10-11,51.1000,51.5100,50.5100,50.8900,3049743,DOW
2023-10-10,51.1300,51.8150,51.0600,51.3100,2906505,DOW
2023-10-09,50.2800,50.9000,49.9400,50.8100,3333677,DOW
2023-10-06,49.7700,50.9150,49.5300,50.2800,4215746,DOW
2023-10-05,50.7900,51.1500,49.7400,49.8600,5161751,DOW
2023-10-04,51.4800,51.4800,50.2050,51.1100,4727292,DOW
2023-10-03,50.9500,52.0500,50.8900,51.0200,5179315,DOW
2023-10-02,51.2900,51.6600,50.7400,51.3000,4690974,DOW
2023-09-29,51.3400,51.7700,51.1901,51.5600,4234790,DOW
2023-09-28,50.9600,51.1800,50.5200,50.9300,3965266,DOW
2023-09-27,50.8500,51.3600,50.6100,51.0000,3048815,DOW
2023-09-26,50.5300,51.2650,50.3450,50.4800,3451822,DOW
2023-09-25,50.8000,51.3550,50.4400,51.0900,4331560,DOW
2023-09-22,51.1000,51.2500,50.0750,50.2500,4465872,DOW
2023-09-21,52.0500,52.3300,50.9800,51.0000,4359180,DOW
2023-09-20,52.9600,53.4900,52.4300,52.4600,2309417,DOW
2023-09-19,53.4400,53.7300,52.3488,52.9000,3986260,DOW
2023-09-18,53.8200,53.9499,53.2450,53.3800,4593662,DOW
2023-09-15,54.0400,54.1100,53.6150,53.8400,7464144,DOW
2023-09-14,53.4000,54.2326,53.2900,54.0400,4604325,DOW
2023-09-13,53.6600,53.8100,52.5850,52.8200,3079128,DOW
2023-09-12,53.6700,54.2200,53.4550,53.6300,2527562,DOW
2023-09-11,54.1400,54.8900,53.6200,53.6700,3322604,DOW
2023-09-08,54.3100,54.7800,53.6000,53.7100,3988432,DOW
2023-09-07,54.7500,54.9400,53.5200,54.1000,4275541,DOW
2023-09-06,53.9600,54.9300,53.9200,54.8900,4645057,DOW
2023-09-05,55.1800,55.4000,53.9850,54.1900,4914098,DOW
2023-09-01,55.0300,55.5600,54.7600,55.2900,4335687,DOW
2023-08-31,54.6400,54.9000,54.5200,54.5600,4116381,DOW
2023-08-30,54.5600,54.9000,54.3400,54.7500,3482825,DOW
2023-08-29,54.7900,55.2850,54.4900,55.2400,3789488,DOW
2023-08-28,54.1600,54.8800,54.1500,54.6000,3429703,DOW
2023-08-25,53.9800,54.3800,53.6450,53.9800,3282768,DOW
2023-08-24,53.0000,53.8900,53.0000,53.5400,3198503,DOW
2023-08-23,53.6500,53.9500,52.8100,53.4000,3391339,DOW
2023-08-22,54.3000,54.4800,53.5250,53.7900,2746001,DOW
2023-08-21,54.2500,54.4000,53.8200,54.1700,3112742,DOW
2023-08-18,53.7600,54.1300,53.4400,54.0200,2921107,DOW
2023-08-17,53.7700,54.6600,53.7000,53.8600,3614874,DOW
2023-08-16,53.1900,53.7600,53.0900,53.3200,3549131,DOW
2023-08-15,54.7000,55.1700,53.4219,53.5300,5280364,DOW
2023-08-14,55.3400,55.5400,54.8200,55.3800,3637176,DOW
2023-08-11,55.7000,55.9950,55.2710,55.4500,4547033,DOW
2023-08-10,55.9000,56.2300,55.6200,55.9800,5146998,DOW
2023-08-09,55.4200,56.0350,54.8600,55.5400,4619654,DOW
2023-08-08,54.7200,55.1200,54.2600,55.0100,3607409,DOW
2023-08-07,54.8700,55.8200,54.8400,55.5200,3263527,DOW
2023-08-04,54.9600,55.4500,54.4450,54.5100,3626313,DOW
2023-08-03,54.3600,55.7300,54.3600,54.9000,4630375,DOW
2023-08-02,55.0600,55.4900,54.6700,54.7000,4499120,DOW
2023-08-01,56.2500,56.4200,55.5400,55.7800,5565897,DOW
2023-07-31,55.5300,56.4900,55.4500,56.4700,6387760,DOW
2023-07-28,55.4600,55.8700,55.1550,55.4600,4561204,DOW
2023-07-27,54.1000,55.0300,53.8000,54.9400,8079560,DOW
2023-07-26,53.2500,53.9600,53.2000,53.7000,7582034,DOW
2023-07-25,52.9400,55.1450,52.8500,53.4800,9077431,DOW
2023-07-24,53.1700,53.3600,52.2550,52.5500,6687890,DOW
2023-07-21,53.1000,53.1800,52.6000,53.0500,4095338,DOW
2023-07-20,53.3200,53.3400,52.6000,53.0500,3751907,DOW
2023-07-19,52.8400,53.0400,52.5300,52.8200,3731780,DOW
2023-07-18,52.4300,53.3550,52.3800,52.9800,4815807,DOW
2023-07-17,52.5400,52.6850,52.1700,52.4300,4318450,DOW
2023-07-14,54.0100,54.0600,52.7500,52.9200,3885665,DOW
2023-07-13,54.1900,54.4500,53.8000,54.2100,3291962,DOW
2023-07-12,54.3600,54.6600,53.1700,54.1100,5983992,DOW
2023-07-11,53.5000,53.9000,53.3700,53.4200,3470766,DOW
2023-07-10,52.7700,53.6700,52.6750,53.2700,3663130,DOW
2023-07-07,52.4200,53.9400,52.3200,53.1000,5400350,DOW
2023-07-06,52.2900,52.8750,51.7600,52.7700,5552966,DOW
2023-07-05,53.1800,53.4400,52.5200,52.8400,5878283,DOW
2023-07-03,53.2500,53.9900,53.2300,53.7800,2228479,DOW
2023-06-30,53.5800,53.5900,52.9900,53.2600,4158062,DOW
2023-06-29,52.9500,53.3700,52.6900,53.2400,2559355,DOW
2023-06-28,52.5700,52.9700,51.8700,52.9600,3364817,DOW
2023-06-27,51.9300,52.6200,51.6201,52.5700,3176280,DOW
2023-06-26,51.4300,52.2250,51.3000,51.9500,3073878,DOW
2023-06-23,50.7300,51.5000,50.2600,51.3600,3703199,DOW
2023-06-22,50.4200,51.4900,50.2000,51.3900,4734283,DOW
2023-06-21,51.6800,52.4895,51.2600,51.8800,3591413,DOW
2023-06-20,52.3200,52.4400,51.2400,51.9200,5084332,DOW
2023-06-16,53.3000,53.3100,52.6000,53.1600,9536099,DOW
2023-06-15,52.7400,53.7400,52.5800,53.4800,3283577,DOW
2023-06-14,53.5600,53.8600,52.5050,52.8100,3319848,DOW
2023-06-13,52.1500,53.5500,51.9800,53.1400,4273630,DOW
2023-06-12,51.8000,52.3100,51.3600,51.8000,3888781,DOW
2023-06-09,52.4200,52.6800,51.6350,51.7400,5478090,DOW
2023-06-08,54.1100,54.3400,52.2500,52.7800,5094630,DOW
2023-06-07,52.8200,53.9500,52.7200,53.8700,6453715,DOW
2023-06-06,51.1100,52.8800,51.0700,52.5900,7378361,DOW
2023-06-05,51.6900,52.3650,51.4700,51.5000,5567377,DOW
2023-06-02,50.1100,51.6800,50.0100,51.6100,7786811,DOW
2023-06-01,49.0000,49.3450,48.5100,49.0000,4573854,DOW
2023-05-31,49.1300,49.3700,48.3400,48.7800,8124754,DOW
2023-05-30,49.5300,49.7450,48.9000,49.5000,5222783,DOW
2023-05-26,50.7300,50.7900,50.2501,50.3400,3513139,DOW
2023-05-25,51.0000,51.1200,49.9650,50.3700,4688161,DOW
2023-05-24,52.1100,52.1100,51.1900,51.3200,3162638,DOW
2023-05-23,51.7700,52.3200,51.4500,51.9600,3611374,DOW
2023-05-22,52.0200,52.2100,51.5400,51.7700,3478366,DOW
2023-05-19,52.2500,52.3400,51.6100,51.9500,3747363,DOW
2023-05-18,51.2300,52.0050,50.8500,51.8700,4451856,DOW
2023-05-17,51.3200,51.8400,51.0890,51.4800,4777443,DOW
2023-05-16,52.0100,52.1000,50.9800,51.0600,4611159,DOW
2023-05-15,52.6200,52.6600,51.7500,52.2600,3774762,DOW
2023-05-12,52.5500,52.7400,52.0550,52.3100,3260208,DOW
2023-05-11,53.0000,53.0100,51.9400,52.3400,5499626,DOW
2023-05-10,54.2800,54.5750,52.8500,53.4500,3888226,DOW
2023-05-09,53.8900,53.9400,53.4700,53.6700,3285273,DOW
2023-05-08,54.4200,54.9100,54.0100,54.1500,2725321,DOW
2023-05-05,54.2600,54.5800,53.8300,54.4100,4145354,DOW
2023-05-04,52.9000,53.4100,52.2700,53.3600,3899887,DOW
2023-05-03,53.7500,54.1700,52.9100,53.0000,3343012,DOW
2023-05-02,53.5000,53.8900,52.5800,53.7800,4205962,DOW
2023-05-01,54.4600,54.6200,53.8250,54.1100,4013174,DOW
2023-04-28,53.2400,54.9100,53.1700,54.4000,6014443,DOW
2023-04-27,52.6400,53.5200,52.3550,53.5000,3910815,DOW
2023-04-26,52.2700,53.1500,52.2100,52.5800,5930963,DOW
2023-04-25,54.4600,55.0000,52.5000,52.5000,8369814,DOW
2023-04-24,55.1400,55.4000,54.7800,55.3900,5039595,DOW
2023-04-21,55.3600,55.4800,54.7050,54.8700,4179585,DOW
2023-04-20,55.8000,56.1650,55.3650,55.7000,3334742,DOW
2023-04-19,56.4000,56.5875,55.8400,56.4400,3828096,DOW
2023-04-18,57.0100,57.2400,56.3850,56.7800,3354703,DOW
2023-04-17,56.6800,56.9450,56.4100,56.9000,2873700,DOW
2023-04-14,57.0500,57.4374,56.2500,56.5000,3395037,DOW
2023-04-13,56.6200,57.1600,56.0800,56.9200,5147640,DOW
2023-04-12,57.4500,57.7400,56.7950,56.8900,4679710,DOW
2023-04-11,56.0600,56.7400,56.0000,56.1900,4411093,DOW
2023-04-10,55.0000,55.8100,54.9700,55.8100,4046642,DOW
2023-04-06,54.3800,55.0600,54.2100,54.6600,5022121,DOW
2023-04-05,53.6500,54.6800,53.4500,54.6400,3959829,DOW
2023-04-04,55.0900,55.2800,53.9950,54.2600,5014688,DOW
2023-04-03,55.2200,56.1100,55.0150,55.3300,6588845,DOW
2023-03-31,54.1700,54.8900,53.9600,54.8200,4410842,DOW
2023-03-30,54.2500,54.3000,53.5800,54.0000,3643754,DOW
2023-03-29,53.7600,53.8500,53.1600,53.6000,3710503,DOW
2023-03-28,52.1700,52.9600,52.1200,52.9100,3083608,DOW
2023-03-27,52.2500,52.7000,51.9050,52.0000,4327969,DOW
2023-03-24,50.8500,51.9300,50.4500,51.7800,4338513,DOW
2023-03-23,51.4800,52.9400,51.1550,51.6500,4781112,DOW
2023-03-22,52.0700,52.6579,51.3350,51.3800,4523961,DOW
2023-03-21,52.4200,52.5900,51.5750,52.0600,4277429,DOW
2023-03-20,50.6700,51.4100,50.6179,51.2600,5403214,DOW
2023-03-17,50.7000,50.8400,49.7000,50.0200,11631959,DOW
2023-03-16,49.6000,50.9800,49.2000,50.9100,6857017,DOW
2023-03-15,51.0300,51.0300,49.6700,50.4800,8006226,DOW
2023-03-14,53.2700,53.7398,51.5950,52.2900,8450387,DOW
2023-03-13,52.9500,53.2400,51.9900,52.4000,8481315,DOW
2023-03-10,55.1600,55.1800,53.3150,53.8800,5398974,DOW
2023-03-09,56.3300,56.6700,54.9550,55.1000,4566235,DOW
2023-03-08,56.2100,56.8699,56.0900,56.2600,4232766,DOW
2023-03-07,56.8800,57.2000,55.5400,55.8000,5499227,DOW
2023-03-06,58.0100,58.2500,56.7700,57.1100,4841238,DOW
2023-03-03,58.5600,58.7500,57.7950,58.3200,3463659,DOW
2023-03-02,57.7600,58.6463,57.3500,58.4400,3992544,DOW
2023-03-01,57.2900,58.6550,57.2300,58.0200,4535117,DOW
2023-02-28,57.1200,57.5100,56.8700,57.2000,5835329,DOW
2023-02-27,57.3800,57.6400,56.8000,56.9900,5443085,DOW
2023-02-24,56.3600,57.8750,56.0600,57.7900,4831942,DOW
2023-02-23,57.4100,57.7200,56.3300,57.1900,4154221,DOW
2023-02-22,56.7800,57.4350,56.7000,57.0100,3735533,DOW
2023-02-21,57.7000,57.8800,56.7000,56.8400,6615691,DOW
2023-02-17,58.2600,58.5050,57.7399,58.1300,4317163,DOW
2023-02-16,58.9700,59.3850,58.2900,58.6800,4302242,DOW
2023-02-15,59.3100,59.7600,59.0200,59.7600,2357602,DOW
2023-02-14,60.0400,60.0400,59.0100,59.7600,3749130,DOW
2023-02-13,59.8200,60.4150,59.6200,60.3200,3520600,DOW
2023-02-10,59.0000,59.8400,58.7100,59.8200,3826315,DOW
2023-02-09,60.5200,60.7100,58.8550,59.0800,3874709,DOW
2023-02-08,60.2000,60.5100,59.5600,59.8100,3410452,DOW
2023-02-07,60.0700,60.8750,59.6800,60.5100,4777474,DOW
2023-02-06,60.0000,60.3000,59.3000,60.0900,4658746,DOW
2023-02-03,59.6000,60.2428,59.4100,60.0000,3961018,DOW
2023-02-02,60.0700,60.4200,59.5359,59.9500,4726171,DOW
2023-02-01,59.2800,60.7150,58.8000,60.2200,5645064,DOW
2023-01-31,58.0700,59.4500,57.8200,59.3500,5739125,DOW
2023-01-30,58.6300,59.2350,57.8000,57.9500,4824738,DOW
2023-01-27,58.0400,59.3300,57.8100,58.9700,6773311,DOW
2023-01-26,56.6600,58.5700,55.8300,58.1200,8002589,DOW
2023-01-25,57.3600,57.9750,56.8500,57.8900,5491505,DOW
2023-01-24,57.7100,58.4600,57.1700,58.2000,5262520,DOW
2023-01-23,57.4300,58.4000,57.2150,58.0400,5213727,DOW
2023-01-20,56.7300,57.5550,56.3200,57.4400,6712560,DOW
2023-01-19,56.5700,56.9900,55.8500,56.6000,4997532,DOW
2023-01-18,58.0200,58.3500,56.7700,56.8400,5641481,DOW
2023-01-17,58.3100,58.4800,57.2600,57.4000,5948393,DOW
2023-01-13,58.0000,58.7750,57.7900,58.6800,4041164,DOW
2023-01-12,57.9600,58.7980,57.5000,58.5200,7305984,DOW
2023-01-11,57.3100,57.8900,57.0200,57.5800,8926294,DOW
2023-01-10,55.4100,56.5800,55.3000,56.4700,6611676,DOW
2023-01-09,55.0400,56.1900,54.8200,55.2800,6510932,DOW
2023-01-06,53.6400,55.2350,53.3200,55.0200,6100724,DOW
2023-01-05,52.0200,52.9800,51.5200,52.9100,4803038,DOW
2023-01-04,51.6600,52.5050,51.4000,52.3300,4527851,DOW
2023-01-03,50.6000,51.1500,50.3100,51.0400,3962601,DOW
2022-12-30,50.2600,50.5310,49.9800,50.3900,2700277,DOW
2022-12-29,50.0700,50.8022,50.0000,50.6500,2743492,DOW
2022-12-28,51.1700,51.3500,49.9050,49.9900,3340288,DOW
2022-12-27,50.9100,51.2200,50.7500,51.1900,3094558,DOW
2022-12-23,50.2000,50.9112,49.9500,50.8600,2634437,DOW
2022-12-22,50.1600,50.2500,49.1450,50.1700,3342660,DOW
2022-12-21,50.1600,50.9300,50.0700,50.6700,3840494,DOW
2022-12-20,49.3500,50.0050,49.3500,49.6600,4003416,DOW
2022-12-19,49.8100,50.3150,48.7600,49.3300,4674694,DOW
2022-12-16,49.2200,49.9700,48.8800,49.8000,8969096,DOW
2022-12-15,50.4600,50.5615,49.3600,49.5300,6190299,DOW
2022-12-14,51.5000,52.0477,50.9700,51.3600,4064268,DOW
2022-12-13,52.5000,52.8300,51.2950,51.5600,4884133,DOW
2022-12-12,50.3200,51.1300,49.8400,51.1100,5208241,DOW
2022-12-09,50.5100,51.4000,50.1200,50.2000,3807000,DOW
2022-12-08,51.1800,51.4300,50.3100,50.5600,3815898,DOW
2022-12-07,50.8200,51.3393,50.2550,50.7000,4248704,DOW
2022-12-06,51.4500,51.8650,50.5700,51.0500,4373389,DOW
2022-12-05,51.4600,51.9400,50.9900,51.2500,5109972,DOW
2022-12-02,50.4700,51.7000,50.4300,51.5500,4858349,DOW
2022-12-01,51.2500,51.5103,50.8000,51.0700,4757348,DOW
2022-11-30,50.5200,50.9700,49.3779,50.9700,7194164,DOW
2022-11-29,50.2500,50.8250,49.8800,50.6500,4905048,DOW
2022-11-28,50.8500,51.1550,49.9400,50.2000,5658665,DOW
2022-11-25,51.5000,51.8200,51.4200,51.5600,1648145,DOW
2022-11-23,51.2900,51.7400,51.1400,51.5500,3354772,DOW
2022-11-22,50.9900,51.7800,50.8700,51.5700,4495575,DOW
2022-11-21,49.4400,50.6700,48.5800,50.1700,5719820,DOW
2022-11-18,50.4900,50.5200,49.3600,50.0700,3751561,DOW
2022-11-17,49.6500,50.1500,49.1900,50.1300,3620352,DOW
2022-11-16,51.1500,51.2200,50.2150,50.5100,4294851,DOW
2022-11-15,52.4100,52.7000,51.1400,51.6000,4445738,DOW
2022-11-14,52.4700,52.8950,51.8600,51.9500,5484386,DOW
2022-11-11,51.0000,53.4400,50.9000,53.1400,9009788,DOW
2022-11-10,49.4500,50.0200,49.1200,49.9600,6591988,DOW
2022-11-09,49.3500,49.3900,47.5700,47.6800,5089935,DOW
2022-11-08,49.8900,50.3500,49.4500,49.6500,4739656,DOW
2022-11-07,48.9900,49.5300,48.3100,49.5000,5848974,DOW
2022-11-04,48.2700,49.8800,48.1300,49.0300,10593273,DOW
2022-11-03,46.2700,46.9700,45.9700,46.4900,5122343,DOW
2022-11-02,46.8600,48.6200,46.7750,46.9300,7313946,DOW
2022-11-01,47.4200,47.5700,46.7500,46.9300,4892382,DOW
2022-10-31,47.4800,47.8215,46.6250,46.7400,6434024,DOW
2022-10-28,47.2000,47.7700,46.8100,47.4800,6943166,DOW
2022-10-27,48.1200,48.4850,47.4700,47.6200,4524379,DOW
2022-10-26,48.0000,48.5500,47.8900,47.9900,6021020,DOW
2022-10-25,46.7100,47.9400,46.5350,47.8500,5202539,DOW
2022-10-24,46.8900,47.3100,46.3300,47.0400,5645709,DOW
2022-10-21,45.0200,46.9200,44.9500,46.8700,7483602,DOW
2022-10-20,45.3900,47.6300,44.9000,44.9300,9259900,DOW
2022-10-19,46.2400,46.6000,45.0900,45.1300,8371466,DOW
2022-10-18,46.2800,46.9400,45.3750,46.3800,8009127,DOW
2022-10-17,45.9100,46.0700,44.9950,45.2600,6195320,DOW
2022-10-14,46.2900,46.4000,44.7350,45.1200,5889170,DOW
2022-10-13,43.0000,46.5000,42.9100,45.9200,8304877,DOW
2022-10-12,43.9400,44.2297,43.5400,43.8100,4982535,DOW
2022-10-11,44.2800,44.7900,43.4200,43.9500,5222747,DOW
2022-10-10,44.9800,45.4400,44.5600,44.8800,4686103,DOW
2022-10-07,45.0500,45.4400,44.2000,44.4100,5265099,DOW
2022-10-06,45.7000,46.1000,45.3150,45.5200,5430693,DOW
2022-10-05,45.9200,46.4400,45.5100,46.0600,5564652,DOW
2022-10-04,45.8000,46.7300,45.6250,46.6200,6959794,DOW
2022-10-03,44.9400,45.7400,44.4500,45.2800,6868743,DOW
2022-09-30,44.1700,44.8400,43.8000,43.9300,5869756,DOW
2022-09-29,44.5000,44.6900,43.4900,44.1600,4905664,DOW
2022-09-28,44.0800,45.5100,43.9100,45.0500,8315425,DOW
2022-09-27,43.9400,44.1700,43.2747,43.7900,5444885,DOW
2022-09-26,43.5200,44.2600,43.1600,43.3900,5497614,DOW
2022-09-23,44.0000,44.2000,43.0400,43.9000,6729595,DOW
2022-09-22,45.2800,45.5500,44.7500,44.7700,4623776,DOW
2022-09-21,46.4200,46.5900,44.9700,44.9800,5819128,DOW
2022-09-20,45.9500,46.2800,45.3700,46.0900,4996045,DOW
2022-09-19,45.6400,46.8800,45.4700,46.7400,4900427,DOW
2022-09-16,46.0100,46.8000,45.4100,46.4200,10058991,DOW
2022-09-15,47.1000,47.7600,46.6900,46.9100,6535487,DOW
2022-09-14,47.6100,47.8700,46.3800,47.0700,11484347,DOW
2022-09-13,48.7500,49.6200,47.5550,47.8700,9104318,DOW
2022-09-12,51.2900,51.7900,50.8000,50.9300,5042809,DOW
2022-09-09,50.2300,50.7150,50.0200,50.5100,6265662,DOW
2022-09-08,48.4900,49.5100,47.9500,49.4000,5964055,DOW
2022-09-07,48.3400,49.2450,48.0300,48.9700,6517456,DOW
2022-09-06,49.9000,50.0800,48.3400,48.5900,8101198,DOW
2022-09-02,50.5300,50.7600,48.9050,49.3100,5125300,DOW
2022-09-01,50.4600,50.4900,49.1400,49.9600,6378525,DOW
2022-08-31,51.2400,51.6400,50.5800,51.0000,6069609,DOW
2022-08-30,52.8300,52.9600,51.2600,51.3800,7452178,DOW
2022-08-29,53.0000,54.0100,52.5400,53.5700,9290697,DOW
2022-08-26,55.9800,56.3700,54.2600,54.4600,5777736,DOW
2022-08-25,54.8300,55.7900,54.7570,55.7600,5736180,DOW
2022-08-24,55.5000,55.6400,54.0800,54.2400,6957246,DOW
2022-08-23,54.6600,55.7600,54.5300,55.6200,3894509,DOW
2022-08-22,54.4900,54.6977,53.9000,54.4100,6342710,DOW
2022-08-19,55.6800,55.9200,55.1500,55.4900,3517928,DOW
2022-08-18,55.7200,56.2250,55.4200,56.0200,3561483,DOW
2022-08-17,55.5200,55.9100,55.0100,55.4600,4197959,DOW
2022-08-16,55.3600,56.4250,55.3400,56.1100,3925907,DOW
2022-08-15,55.4800,55.5000,54.8600,55.3400,5991740,DOW
2022-08-12,55.3300,55.9400,55.3100,55.9300,4389097,DOW
2022-08-11,54.7600,55.7200,54.7600,55.2600,5066165,DOW
2022-08-10,53.8500,54.6550,53.8100,54.0400,5998593,DOW
2022-08-09,52.1500,52.8500,52.1100,52.7200,4338954,DOW
2022-08-08,51.8800,52.7600,51.8000,52.1500,4511550,DOW
2022-08-05,50.7700,51.7700,50.7300,51.4900,5954500,DOW
2022-08-04,51.3100,51.7000,50.8600,50.9900,6963729,DOW
2022-08-03,52.0000,52.0000,51.3357,51.4900,5139265,DOW
2022-08-02,52.3000,52.6700,51.5400,51.5500,5797806,DOW
2022-08-01,52.5800,52.6000,51.4300,52.4600,5913393,DOW
2022-07-29,52.7600,53.7950,52.4700,53.2100,9754287,DOW
2022-07-28,52.4500,52.9100,51.7600,52.3000,6137925,DOW
2022-07-27,51.4400,52.4786,51.2100,52.2400,4327987,DOW
2022-07-26,51.1700,51.8000,50.9500,51.3000,4130858,DOW
2022-07-25,51.1700,51.9700,51.0300,51.5800,5933231,DOW
2022-07-22,51.5000,51.8100,50.4400,50.8500,5074833,DOW
2022-07-21,50.5700,51.4400,49.9500,51.4000,10059732,DOW
2022-07-20,52.4500,52.6700,51.8100,52.5500,5977727,DOW
2022-07-19,51.1500,52.8100,51.0800,52.4500,6999396,DOW
2022-07-18,50.4200,51.0500,50.2000,50.4700,4839000,DOW
2022-07-15,49.7300,50.2400,49.1700,49.5500,4810114,DOW
2022-07-14,48.7400,49.0700,48.2700,48.9000,4969513,DOW
2022-07-13,50.0000,50.2100,49.0300,49.6700,6071487,DOW
2022-07-12,50.8900,51.5650,50.2500,50.4200,6068243,DOW
2022-07-11,50.7400,51.3500,50.5100,51.0100,3919776,DOW
2022-07-08,52.4300,52.8800,51.3050,51.3800,4226891,DOW
2022-07-07,52.1400,52.8100,51.7400,52.2800,5507764,DOW
2022-07-06,50.6200,51.2500,50.0350,51.1800,5657033,DOW
2022-07-05,50.7700,50.8200,49.3550,50.7300,5892037,DOW
2022-07-01,50.9100,52.0400,49.9000,51.6900,5255114,DOW
2022-06-30,51.1600,52.1400,50.8500,51.6100,5847983,DOW
2022-06-29,52.7100,53.0100,51.2800,51.9800,4392792,DOW
2022-06-28,52.8000,54.1500,52.3450,52.5300,5169647,DOW
2022-06-27,52.9000,53.3000,51.9700,52.2200,7507333,DOW
2022-06-24,51.5100,53.8000,51.1900,53.1400,9108956,DOW
2022-06-23,52.2500,52.6499,50.4200,51.0600,9661964,DOW
2022-06-22,52.3000,52.7900,51.5700,52.3400,10386777,DOW
2022-06-21,56.3400,56.6900,54.9100,54.9500,6391653,DOW
2022-06-17,55.1600,55.9600,53.9700,54.7700,12735775,DOW
2022-06-16,55.6700,55.9700,54.6500,55.4200,7641766,DOW
2022-06-15,59.0200,59.6600,56.7650,57.4100,6387882,DOW
2022-06-14,58.2800,59.1300,57.4601,58.5600,7128918,DOW
2022-06-13,60.4900,60.5800,57.9700,58.6800,8509252,DOW
2022-06-10,65.0100,65.0800,61.8600,61.8700,6454897,DOW
2022-06-09,66.9000,67.0150,65.8100,65.8600,3113574,DOW
2022-06-08,67.0600,67.8100,66.8500,67.2400,3200919,DOW
2022-06-07,66.7600,67.4600,66.4200,67.3700,4874038,DOW
2022-06-06,67.0400,67.6100,66.6700,67.0700,3117322,DOW
2022-06-03,67.5900,68.1599,66.6800,67.0300,4966757,DOW
2022-06-02,68.4300,68.9700,67.1000,68.1000,4605703,DOW
2022-06-01,68.6500,69.7880,67.9950,68.1100,5958108,DOW
2022-05-31,68.6400,68.7504,67.6150,67.9800,7876019,DOW
2022-05-27,67.5900,69.0700,67.3200,69.0600,4784297,DOW
2022-05-26,67.1700,68.2900,66.9100,67.8400,5732847,DOW
2022-05-25,66.7100,67.6800,66.4000,67.3000,6265070,DOW
2022-05-24,67.2000,67.3900,65.4700,67.0700,4664360,DOW
2022-05-23,67.8000,68.1300,66.8400,67.4900,6582289,DOW
2022-05-20,68.8800,69.7300,66.8700,68.1100,5232192,DOW
2022-05-19,68.3100,69.5700,67.8000,68.7600,4988376,DOW
2022-05-18,69.4100,70.3800,68.4950,68.9100,4623909,DOW
2022-05-17,69.6100,70.2914,68.9000,69.9700,4502627,DOW
2022-05-16,67.3100,68.5955,66.6800,67.9800,4028344,DOW
2022-05-13,67.5000,68.3200,67.2600,67.5600,3924502,DOW
2022-05-12,66.5300,67.3900,65.6650,67.0400,6035696,DOW
2022-05-11,66.4000,68.5000,65.8200,66.7900,5683317,DOW
2022-05-10,67.4300,67.8500,65.2800,65.8100,7885807,DOW
2022-05-09,66.8400,67.8100,66.4700,66.6300,7266931,DOW
2022-05-06,68.0700,68.3700,66.6500,67.9300,5807753,DOW
2022-05-05,70.2600,70.3600,67.5300,68.4700,6530571,DOW
2022-05-04,68.8200,70.7800,68.4300,70.6100,5526456,DOW
2022-05-03,67.1200,68.3300,67.0600,68.1500,4599474,DOW
2022-05-02,67.1500,67.3100,65.8100,67.0600,7250151,DOW
2022-04-29,68.1200,68.7150,66.3100,66.5000,6499774,DOW
2022-04-28,68.0400,68.0400,66.1100,67.8100,5533819,DOW
2022-04-27,68.1200,68.3300,67.0510,67.4500,5412343,DOW
2022-04-26,68.2400,68.9800,67.3500,67.3700,6604204,DOW
2022-04-25,67.4100,68.3400,65.5300,68.0700,7252142,DOW
2022-04-22,70.0700,71.2300,68.2400,68.5000,7439380,DOW
2022-04-21,69.0000,71.8600,68.8900,69.5100,10282454,DOW
2022-04-20,67.0700,68.1700,67.0400,67.5400,4974792,DOW
2022-04-19,66.0300,67.3500,65.9100,67.0500,5292467,DOW
2022-04-18,65.4900,66.4800,65.3000,65.8800,4959149,DOW
2022-04-14,64.4900,66.0000,64.3900,65.4900,7000362,DOW
2022-04-13,63.4900,64.2300,63.2200,64.1600,3465594,DOW
2022-04-12,62.5100,63.7500,62.2900,63.2600,4137275,DOW
2022-04-11,61.3500,62.6200,61.1500,61.9500,2760390,DOW
2022-04-08,61.7700,62.2800,61.3200,61.6800,3913900,DOW
2022-04-07,61.8000,61.8000,60.0300,61.2500,4644847,DOW
2022-04-06,63.2100,63.2900,61.2900,61.6700,4977031,DOW
2022-04-05,64.0000,64.6400,63.4100,63.4900,3423879,DOW
2022-04-04,64.5100,64.5100,63.3200,64.0100,3650011,DOW
2022-04-01,64.2900,64.9300,63.4400,64.1800,3317188,DOW
2022-03-31,64.1500,64.7850,63.7100,63.7200,4302089,DOW
2022-03-30,64.4800,64.9400,64.0300,64.2600,3145899,DOW
2022-03-29,63.9500,64.3200,62.8200,64.1900,4225668,DOW
2022-03-28,64.3000,64.5500,63.0400,64.1100,3879358,DOW
2022-03-25,64.0900,64.7300,63.8400,64.7000,3935975,DOW
2022-03-24,63.7600,64.2000,63.4100,64.0900,3611574,DOW
2022-03-23,63.4000,63.8400,63.0201,63.3000,2936341,DOW
2022-03-22,64.0000,64.5300,63.2400,63.5500,4482616,DOW
2022-03-21,63.1200,63.7200,62.5300,63.3400,4726830,DOW
2022-03-18,62.2300,63.4300,61.8050,62.3900,9263103,DOW
2022-03-17,59.3800,62.8800,59.1400,62.8400,9420575,DOW
2022-03-16,59.1600,60.1500,58.7200,59.6400,6154914,DOW
2022-03-15,59.8700,60.2650,57.6200,58.8700,8354434,DOW
2022-03-14,61.3700,62.0300,59.7700,60.2800,5836192,DOW
2022-03-11,61.0600,62.4900,60.8700,60.9100,6140222,DOW
2022-03-10,59.2400,61.0400,59.2300,60.6300,5420965,DOW
2022-03-09,59.2500,60.9000,58.9400,59.8000,7484736,DOW
2022-03-08,58.1100,59.2200,57.6200,57.8400,6583613,DOW
2022-03-07,58.7500,59.1100,57.6450,57.9800,6987756,DOW
2022-03-04,58.4000,58.8750,57.8300,58.8300,5870803,DOW
2022-03-03,59.2900,59.9400,58.7401,59.6700,4514837,DOW
2022-03-02,57.5500,59.7900,57.5100,59.2000,6499750,DOW
2022-03-01,59.1200,59.3050,56.2700,57.1300,7668079,DOW
2022-02-28,58.3200,59.1800,58.0100,58.9600,6438344,DOW
2022-02-25,58.4200,60.1450,58.3200,59.6500,5445243,DOW
2022-02-24,58.8900,58.9700,57.5200,58.7200,8108464,DOW
2022-02-23,60.8700,61.1900,59.8750,59.9700,5155144,DOW
2022-02-22,60.9200,61.0400,59.9400,60.3000,5635049,DOW
2022-02-18,60.7500,61.3200,60.1900,60.5900,5078896,DOW
2022-02-17,61.3600,62.1050,60.6250,61.1700,3927767,DOW
2022-02-16,61.6500,62.9100,61.6200,62.0800,5613614,DOW
2022-02-15,60.8200,62.0100,60.7100,61.8600,4076888,DOW
2022-02-14,61.1000,61.3700,60.1250,60.8300,4471998,DOW
2022-02-11,60.8000,61.9100,60.3500,61.0900,6042091,DOW
2022-02-10,61.8900,62.4600,60.7100,60.9500,6537194,DOW
2022-02-09,61.4900,62.2300,61.2500,61.9900,5515879,DOW
2022-02-08,60.3800,61.1700,60.3800,61.0900,5595518,DOW
2022-02-07,60.9300,61.1000,59.7300,59.9100,6214368,DOW
2022-02-04,61.2000,61.7200,60.5400,60.6000,4995139,DOW
2022-02-03,61.5000,62.4450,61.1550,61.2100,5363825,DOW
2022-02-02,61.7100,62.4900,61.1200,61.6600,5463397,DOW
2022-02-01,59.8000,61.9900,59.7000,61.8100,6659399,DOW
2022-01-31,59.5000,60.0500,58.2800,59.7300,8056096,DOW
2022-01-28,60.7100,61.1000,59.0700,60.0400,6971881,DOW
2022-01-27,58.7400,61.2900,58.7400,60.1800,11666346,DOW
2022-01-26,57.4300,58.2500,56.6500,57.2200,6126011,DOW
2022-01-25,55.8900,57.4600,54.6393,57.1800,5644149,DOW
2022-01-24,55.7000,56.8200,54.6000,56.6200,8873378,DOW
2022-01-21,57.6800,57.7700,56.5400,56.7200,6189453,DOW
2022-01-20,59.9000,60.0500,57.7700,57.8100,5765667,DOW
2022-01-19,60.7600,60.9200,59.3900,59.8400,4336312,DOW
2022-01-18,60.7600,61.1486,59.5700,60.2000,4774410,DOW
2022-01-14,59.7100,60.8300,59.2900,60.7400,6795305,DOW
2022-01-13,59.3000,60.2266,59.2074,59.9400,4482598,DOW
2022-01-12,59.5150,60.1400,58.8900,59.2600,3742360,DOW
2022-01-11,59.0500,59.4700,58.4100,59.1800,5668145,DOW
2022-01-10,58.8400,59.3000,57.9850,58.4000,5544298,DOW
2022-01-07,58.6300,59.5150,58.4300,59.1000,4633224,DOW
2022-01-06,58.4900,58.8600,57.2400,58.2400,5820763,DOW
2022-01-05,58.7900,59.5900,58.3150,58.3500,6706303,DOW
2022-01-04,57.2500,58.7000,57.1000,58.4100,9067952,DOW
2022-01-03,57.2000,57.9000,56.7900,56.8700,5235781,DOW
2021-12-31,56.8400,56.9905,56.2950,56.7200,3070716,DOW
2021-12-30,57.2000,57.8300,56.7250,56.7800,3678731,DOW
2021-12-29,56.6700,57.1100,56.5600,57.0600,3580902,DOW
2021-12-28,56.0100,57.0000,55.9100,56.6300,4749871,DOW
2021-12-27,55.3100,55.8900,55.1700,55.8700,3249034,DOW
2021-12-23,54.5000,55.7032,54.3500,55.1400,6240414,DOW
2021-12-22,54.1200,54.3800,53.6400,54.2300,3729561,DOW
2021-12-21,54.1700,54.8100,53.9000,54.2000,4421997,DOW
2021-12-20,53.1000,53.5900,52.4700,53.5100,6250974,DOW
2021-12-17,54.5300,54.6650,53.3800,54.1000,10400003,DOW
2021-12-16,54.4300,55.3600,54.2700,54.6000,5605880,DOW
2021-12-15,53.7900,54.0700,52.8597,54.0400,4955167,DOW
2021-12-14,53.2500,54.5000,53.1377,53.8800,4048860,DOW
2021-12-13,54.4600,54.6500,53.0671,53.3200,5398761,DOW
2021-12-10,55.1500,55.2600,54.2850,54.6800,3628582,DOW
2021-12-09,54.2400,54.5800,53.7250,54.3900,5607722,DOW
2021-12-08,55.3100,55.4800,54.7800,54.9100,5013675,DOW
2021-12-07,54.4500,55.3800,54.2700,54.8600,5806937,DOW
2021-12-06,54.3600,54.7184,53.8400,53.8800,6066355,DOW
2021-12-03,53.0000,53.8199,52.7300,53.0700,6969330,DOW
2021-12-02,52.5000,53.4750,52.0700,53.1800,7333262,DOW
2021-12-01,55.4900,55.8000,52.7000,52.7600,9123937,DOW
2021-11-30,56.2600,56.4900,54.4100,54.9300,10398194,DOW
2021-11-29,57.9000,58.3800,56.3800,56.8600,4564444,DOW
2021-11-26,56.6400,57.7700,55.9800,57.6000,4317492,DOW
2021-11-24,58.9000,59.3700,58.5900,58.6300,3307108,DOW
2021-11-23,59.3400,59.7200,58.8300,59.1800,5280023,DOW
2021-11-22,57.5600,59.2900,57.4100,58.7900,5310320,DOW
2021-11-19,57.4500,57.5200,56.0300,57.3400,7425308,DOW
2021-11-18,58.3500,58.3700,57.6700,57.9800,3801860,DOW
2021-11-17,58.6800,58.9800,58.1700,58.3400,3342386,DOW
2021-11-16,59.9700,59.9900,58.8400,58.8600,4004669,DOW
2021-11-15,60.5000,60.8200,59.7800,59.9200,3470443,DOW
2021-11-12,59.7900,60.5500,59.4600,60.0600,3464020,DOW
2021-11-11,59.0800,59.9800,59.0200,59.6800,4140414,DOW
2021-11-10,58.8400,59.2900,58.4900,58.7600,5104029,DOW
2021-11-09,58.5400,59.1200,58.3950,58.7900,4399351,DOW
2021-11-08,58.9300,59.6800,58.2950,58.5700,4894141,DOW
2021-11-05,57.2400,58.7450,57.2400,58.3100,4979097,DOW
2021-11-04,59.0000,59.0150,56.7950,57.1700,9047906,DOW
2021-11-03,58.4900,59.5850,58.0900,59.0500,6234335,DOW
2021-11-02,57.6400,58.7400,57.2400,58.4700,5888642,DOW
2021-11-01,56.0100,57.9800,56.0100,57.4400,7430780,DOW
2021-10-29,56.1300,56.6500,55.6600,55.9700,5894889,DOW
2021-10-28,56.2500,56.8600,56.2100,56.5700,5974358,DOW
2021-10-27,58.5800,58.5800,55.9000,56.0000,11512727,DOW
2021-10-26,58.7100,59.7600,58.1801,58.7100,6875227,DOW
2021-10-25,59.2400,59.5350,58.6100,58.7100,6293204,DOW
2021-10-22,59.6400,60.1900,58.3800,58.4000,5889477,DOW
2021-10-21,60.0700,61.1700,57.9600,59.2600,8916567,DOW
2021-10-20,59.1600,60.6075,58.9412,59.8900,5875321,DOW
2021-10-19,59.0900,59.2700,58.5400,59.1900,3650874,DOW
2021-10-18,57.7000,59.3900,57.6000,58.9500,4660432,DOW
2021-10-15,59.4700,59.7300,58.8400,58.9600,4288162,DOW
2021-10-14,57.4300,58.7800,57.1400,58.7400,6430634,DOW
2021-10-13,57.9200,58.0500,56.6500,56.9100,7691227,DOW
2021-10-12,58.0200,58.3700,57.5000,57.7400,5443834,DOW
2021-10-11,59.2500,59.7800,58.2100,58.2300,4139030,DOW
2021-10-08,58.8100,59.2900,58.4000,58.7100,4260182,DOW
2021-10-07,57.8900,59.4700,57.7900,58.5100,7235870,DOW
2021-10-06,58.3600,58.5700,56.3000,57.1600,8699078,DOW
2021-10-05,58.2600,59.4450,58.1000,59.1000,5646408,DOW
2021-10-04,58.5800,59.0000,57.6800,58.2400,5652962,DOW
2021-10-01,57.6700,59.0100,57.2500,58.5800,6925256,DOW
2021-09-30,58.9200,59.1700,57.5500,57.5600,4929915,DOW
2021-09-29,59.4600,59.6000,58.7700,58.8200,4578945,DOW
2021-09-28,60.1500,60.6450,59.1400,59.4600,6681760,DOW
2021-09-27,56.8800,60.3800,56.8800,59.6900,12373976,DOW
2021-09-24,57.2000,57.3400,56.7400,56.8100,7964986,DOW
2021-09-23,56.7700,58.0450,56.6000,57.4300,7814123,DOW
2021-09-22,56.2600,56.9800,56.2550,56.3000,6823824,DOW
2021-09-21,56.5900,56.8600,55.2100,55.5300,6156370,DOW
2021-09-20,56.2600,57.1304,55.3100,56.1800,7683867,DOW
2021-09-17,58.8000,59.1700,57.4700,57.7500,9625499,DOW
2021-09-16,60.1400,60.3200,59.0700,59.4700,4650841,DOW
2021-09-15,59.7500,60.6700,59.6700,60.2000,5167759,DOW
2021-09-14,61.2400,61.3000,59.5224,59.6500,4493572,DOW
2021-09-13,61.2700,61.5900,60.2150,60.7200,4549217,DOW
2021-09-10,60.8500,61.4400,60.3400,60.4100,4093257,DOW
2021-09-09,60.2500,61.1900,60.0700,60.2800,4439095,DOW
2021-09-08,61.8300,62.1100,60.5100,60.6900,4628973,DOW
2021-09-07,61.9800,62.3000,61.6400,61.8700,2514731,DOW
2021-09-03,62.4500,62.8250,61.6700,62.1200,3690597,DOW
2021-09-02,62.7600,63.3600,62.4200,62.6200,3414738,DOW
2021-09-01,62.8300,63.0000,61.8100,62.5400,3949213,DOW
2021-08-31,63.7000,63.8800,62.6900,62.9000,5449999,DOW
2021-08-30,65.0000,65.3275,63.9500,63.9800,3925138,DOW
2021-08-27,64.1900,65.8550,64.1200,65.3800,5348664,DOW
2021-08-26,63.8400,64.5600,63.4700,63.6500,3618463,DOW
2021-08-25,63.3000,64.1800,62.8200,63.8700,3246877,DOW
2021-08-24,62.4600,63.5300,62.4600,63.2600,2896124,DOW
2021-08-23,61.5000,62.4200,61.4600,62.0600,3440001,DOW
2021-08-20,60.4100,61.1100,60.3200,60.8900,3203679,DOW
2021-08-19,61.0400,61.3900,60.1500,60.5500,3981572,DOW
2021-08-18,61.9100,62.8300,61.7100,61.8800,4573993,DOW
2021-08-17,62.6900,62.8750,61.1400,62.3100,3974459,DOW
2021-08-16,63.2000,63.5950,62.1400,63.3200,3163519,DOW
2021-08-13,63.9700,64.1000,63.3500,63.6900,2384288,DOW
2021-08-12,64.3600,64.6200,63.3032,64.0100,3581677,DOW
2021-08-11,63.4200,64.3000,63.2200,64.2400,3583605,DOW
2021-08-10,62.0200,63.5700,61.9400,63.1200,3559953,DOW
2021-08-09,61.7200,62.2250,61.3600,61.8200,3178247,DOW
2021-08-06,61.6100,62.3700,61.5500,62.0000,3142752,DOW
2021-08-05,61.2900,61.8000,60.9000,61.0000,3037315,DOW
2021-08-04,61.7400,62.2000,60.9800,60.9900,3340099,DOW
2021-08-03,61.1500,62.2700,60.1550,62.2300,4819652,DOW
2021-08-02,62.3000,63.5900,61.1900,61.2200,3714490,DOW
2021-07-30,62.4900,63.2250,61.6650,62.1600,4646993,DOW
2021-07-29,62.4400,62.9300,62.0100,62.6000,3661466,DOW
2021-07-28,61.8300,62.3000,61.0600,61.8700,4113699,DOW
2021-07-27,61.5100,62.4200,60.8600,61.9500,3568528,DOW
2021-07-26,60.2000,62.0400,60.2000,62.0100,6534277,DOW
2021-07-23,60.8400,61.2800,59.8000,60.1100,4690527,DOW
2021-07-22,58.5600,60.8900,58.0000,60.4800,7111276,DOW
2021-07-21,59.5200,60.0500,59.0550,59.7300,7428270,DOW
2021-07-20,58.1400,59.1900,57.6281,58.6200,6771667,DOW
2021-07-19,58.1400,58.4800,57.0550,57.7900,7815369,DOW
2021-07-16,61.3000,61.7200,59.8000,60.0100,6961324,DOW
2021-07-15,61.8000,62.7200,61.6900,61.9100,2745836,DOW
2021-07-14,62.9400,63.6450,62.1700,62.3200,2571796,DOW
2021-07-13,63.4200,63.6900,62.3200,62.7000,3074497,DOW
2021-07-12,62.5600,63.6000,61.9750,63.2200,3100367,DOW
2021-07-09,62.2300,63.6700,62.1000,63.0800,5063232,DOW
2021-07-08,61.0000,62.0200,60.6500,61.4100,4251323,DOW
2021-07-07,61.7000,62.4900,61.0937,62.2500,3424426,DOW
2021-07-06,63.4000,63.4500,61.4050,61.9300,3727013,DOW
2021-07-02,63.3300,63.7700,62.8000,63.5100,3173209,DOW
2021-07-01,64.2200,64.4200,63.4200,63.5000,3324926,DOW
2021-06-30,62.8500,63.6200,62.7500,63.2800,3356526,DOW
2021-06-29,63.2800,63.8100,62.5800,62.9800,2653142,DOW
2021-06-28,63.3000,63.3000,62.1700,62.9000,2727034,DOW
2021-06-25,63.2500,63.8698,63.1100,63.2900,4259730,DOW
2021-06-24,63.7800,63.8300,62.7600,63.1100,4253923,DOW
2021-06-23,64.0000,64.2700,63.1000,63.1500,3254512,DOW
2021-06-22,63.4600,63.8200,62.6800,63.5000,4019107,DOW
2021-06-21,63.1400,63.9485,62.7900,63.1100,5260165,DOW
2021-06-18,62.5500,63.0500,61.8800,61.9800,8745303,DOW
2021-06-17,65.7700,65.8000,62.3300,63.5400,5696094,DOW
2021-06-16,67.0100,67.1200,65.2000,65.5900,5417533,DOW
2021-06-15,66.9100,67.4250,66.4400,67.2200,3255199,DOW
2021-06-14,67.8300,68.1800,66.6300,66.9600,3712815,DOW
2021-06-11,68.4700,69.0200,67.8400,68.0000,2726116,DOW
2021-06-10,69.9900,70.1700,67.9500,67.9900,4022011,DOW
2021-06-09,69.2500,69.5100,68.4700,68.8400,3379374,DOW
2021-06-08,69.0200,69.7200,68.3100,69.3800,3469512,DOW
2021-06-07,70.3700,70.4700,68.8900,69.2400,2804113,DOW
2021-06-04,71.0000,71.1403,69.8800,70.3700,3041943,DOW
2021-06-03,69.3500,70.7000,68.4410,70.6100,4322464,DOW
2021-06-02,70.3200,70.3200,68.8600,68.9500,4797772,DOW
2021-06-01,69.1700,70.5300,68.8500,70.4100,4139082,DOW
2021-05-28,69.0800,69.1700,67.7100,68.4200,3815179,DOW
2021-05-27,69.3200,69.9600,68.2400,68.6600,6256635,DOW
2021-05-26,68.8300,69.6400,68.2100,69.5700,6059237,DOW
2021-05-25,69.4600,70.4500,68.9600,69.0400,4419444,DOW
2021-05-24,69.5900,70.0100,69.0950,69.5500,3420090,DOW
2021-05-21,68.6800,69.6000,68.5500,68.8300,3855720,DOW
2021-05-20,68.4600,68.7200,67.8600,68.2600,3126454,DOW
2021-05-19,68.5000,68.9100,67.2700,68.5500,4398488,DOW
2021-05-18,71.0000,71.3800,69.5100,69.5300,3523761,DOW
2021-05-17,69.5800,71.0800,69.4700,70.9100,3607502,DOW
2021-05-14,68.5000,70.0400,68.3700,69.8300,4817174,DOW
2021-05-13,67.4600,68.6000,67.3200,68.0800,3068440,DOW
2021-05-12,68.7500,69.1000,67.4000,67.6000,4886215,DOW
2021-05-11,67.8400,68.9000,67.2000,68.5700,5693429,DOW
2021-05-10,69.7500,70.6000,68.6600,68.7300,5038957,DOW
2021-05-07,68.3500,69.3200,67.7800,69.0400,5174923,DOW
2021-05-06,68.0200,69.0900,67.1700,69.0400,4670553,DOW
2021-05-05,66.4900,68.2350,66.1400,68.0700,7467100,DOW
2021-05-04,64.2500,66.2700,63.8000,66.2200,7367207,DOW
2021-05-03,63.1800,65.0350,63.1200,64.5500,6328101,DOW
2021-04-30,63.4500,63.7100,62.3000,62.5000,4932315,DOW
2021-04-29,63.8200,64.6900,63.4350,64.0600,4366020,DOW
2021-04-28,63.0300,64.0650,62.7000,63.3100,5584337,DOW
2021-04-27,62.2700,62.8500,61.7199,62.6500,3781310,DOW
2021-04-26,62.3600,62.8200,61.9300,62.2000,4871606,DOW
2021-04-23,61.1000,62.4900,60.4500,62.1100,5683494,DOW
2021-04-22,64.0000,64.0500,60.7200,60.9300,12028871,DOW
2021-04-21,62.4600,65.0200,62.3750,64.8200,4283535,DOW
2021-04-20,64.0000,64.0500,62.2800,62.4800,4532442,DOW
2021-04-19,64.8000,65.0399,63.9400,64.5500,2566584,DOW
2021-04-16,65.2700,65.5100,64.2600,64.6800,3698844,DOW
2021-04-15,64.8800,64.9200,63.8000,64.5700,2632733,DOW
2021-04-14,63.5900,64.7800,63.3600,64.2400,4234458,DOW
2021-04-13,63.5900,63.6800,62.4500,63.3100,4471855,DOW
2021-04-12,63.6000,64.1499,63.3000,63.7900,3143842,DOW
2021-04-09,63.1900,63.5600,62.5400,63.1400,3720978,DOW
2021-04-08,63.8600,64.0300,62.6200,63.1900,3639017,DOW
2021-04-07,64.4900,64.9700,63.6600,63.9900,2374009,DOW
2021-04-06,64.2400,65.3900,64.1300,64.6000,3420312,DOW
2021-04-05,65.0000,65.2200,64.2500,64.5900,4077851,DOW
2021-04-01,63.9500,64.7200,63.4800,64.6000,3698904,DOW
2021-03-31,64.2700,64.9600,63.5100,63.9400,3643785,DOW
2021-03-30,63.7200,64.7900,63.4800,64.6100,2605114,DOW
2021-03-29,63.6200,65.1200,63.5000,63.9000,3193807,DOW
2021-03-26,63.3900,64.1400,63.0900,63.9900,4256347,DOW
2021-03-25,61.4700,63.3100,61.2500,63.2400,3921150,DOW
2021-03-24,61.6000,63.4200,61.4027,62.0400,4322624,DOW
2021-03-23,62.6700,62.6882,60.4000,60.7500,5523475,DOW
2021-03-22,63.8000,63.8000,62.4000,63.5100,4631116,DOW
2021-03-19,64.7200,64.8000,62.6600,63.9100,6445771,DOW
2021-03-18,66.0600,67.2700,64.6300,64.7200,4206432,DOW
2021-03-17,63.4800,66.2500,63.1800,66.0100,5138887,DOW
2021-03-16,62.6900,63.8300,61.8600,63.1800,6461643,DOW
2021-03-15,64.0700,64.2900,62.4500,62.9000,5361393,DOW
2021-03-12,64.6800,65.0500,63.8800,64.3400,2690951,DOW
2021-03-11,64.3300,65.2700,64.2200,64.3200,3651810,DOW
2021-03-10,62.6200,64.4600,62.3700,64.0900,4238456,DOW
2021-03-09,63.6700,63.7100,61.9100,62.2600,5823245,DOW
2021-03-08,63.1700,64.2701,62.5100,63.4400,4437617,DOW
2021-03-05,62.1200,63.0400,60.7500,62.9100,3883764,DOW
2021-03-04,62.0600,62.6200,60.0900,61.2000,6050394,DOW
2021-03-03,62.5000,63.3900,62.0100,62.2500,5390315,DOW
2021-03-02,62.2100,64.0400,61.8000,62.7300,7316038,DOW
2021-03-01,61.1500,62.2700,60.5700,61.5400,4084252,DOW
2021-02-26,60.8500,61.0500,58.8000,59.3100,6385216,DOW
2021-02-25,62.4800,62.8370,61.1250,61.3500,3251657,DOW
2021-02-24,62.0000,63.9800,61.9430,63.6900,4668567,DOW
2021-02-23,62.9400,62.9700,61.5100,62.1200,4147279,DOW
2021-02-22,60.6200,62.5600,60.2000,62.4800,5635660,DOW
2021-02-19,57.7500,60.5300,57.7500,60.3900,4037102,DOW
2021-02-18,58.3000,58.6650,57.1000,57.5600,3112563,DOW
2021-02-17,58.5800,58.9100,57.6100,58.5400,3276026,DOW
2021-02-16,58.9000,59.3550,58.5400,58.7500,4072724,DOW
2021-02-12,57.5600,58.2700,57.4450,58.1500,1975051,DOW
2021-02-11,57.8100,57.9400,56.6900,57.6700,2326578,DOW
2021-02-10,57.0000,58.3800,56.4800,57.6700,3425742,DOW
2021-02-09,57.5000,57.5153,56.3700,56.6000,4205306,DOW
2021-02-08,57.7500,58.2600,57.2100,57.3500,2543282,DOW
2021-02-05,56.7400,57.8300,56.4400,57.2400,3732511,DOW
2021-02-04,55.4700,56.3700,54.8200,56.3400,4312347,DOW
2021-02-03,54.3100,55.3950,54.0390,55.3500,3984229,DOW
2021-02-02,53.5600,54.8700,52.8700,54.6100,5223574,DOW
2021-02-01,52.3900,52.8400,51.3300,52.7500,4128319,DOW
2021-01-29,53.8500,54.7050,51.7600,51.9000,8895444,DOW
2021-01-28,54.1400,54.8500,53.0000,54.3800,5817027,DOW
2021-01-27,54.6400,55.0800,52.6600,54.3900,6283536,DOW
2021-01-26,57.8900,58.2500,55.7000,55.7400,3060282,DOW
2021-01-25,56.8600,57.4200,55.6600,57.2300,3682556,DOW
2021-01-22,56.9900,57.7850,56.8700,57.5000,2621785,DOW
2021-01-21,58.5100,58.7700,57.3100,57.5600,3442039,DOW
2021-01-20,57.8700,58.6300,57.2300,58.5700,3724400,DOW
2021-01-19,57.7600,58.2000,56.3300,57.5500,4919337,DOW
2021-01-15,58.6200,58.8200,57.1300,57.3100,6692942,DOW
2021-01-14,60.2100,60.5000,59.4200,59.6500,3578778,DOW
2021-01-13,60.7500,61.3100,59.6600,60.0300,3236261,DOW
2021-01-12,59.3200,61.2100,59.0000,61.0400,6227116,DOW
2021-01-11,57.7000,58.9500,57.2500,58.8600,3455867,DOW
2021-01-08,58.3700,58.8600,57.7500,58.2100,4063547,DOW
2021-01-07,59.0000,59.7700,58.1050,58.5100,4437561,DOW
2021-01-06,56.9500,59.2100,56.5500,58.4300,6208448,DOW
2021-01-05,54.1400,56.1700,54.0000,55.8000,3112791,DOW
2021-01-04,55.8200,56.1214,53.6500,54.0400,4853062,DOW
2020-12-31,55.4700,56.1000,55.1100,55.5000,2663490,DOW
2020-12-30,54.3500,55.6600,54.3000,55.4700,3790040,DOW
2020-12-29,54.5000,54.8200,53.8500,54.3300,2221992,DOW
2020-12-28,55.2700,55.7700,54.1800,54.2900,3664992,DOW
2020-12-24,54.9200,54.9681,54.3350,54.7900,1074880,DOW
2020-12-23,55.0200,55.7700,54.7300,54.7500,2251621,DOW
2020-12-22,55.0100,55.2700,54.4400,54.6700,2272556,DOW
2020-12-21,54.0500,55.2000,53.7300,55.0800,4458842,DOW
2020-12-18,55.1100,55.7500,54.2400,55.6600,11536680,DOW
2020-12-17,54.2000,54.3300,53.5850,53.8300,2222358,DOW
2020-12-16,54.0300,54.1096,53.2400,53.8300,1948873,DOW
2020-12-15,53.8500,54.1500,53.1500,54.1300,2335474,DOW
2020-12-14,54.6000,54.7600,53.0300,53.0600,3121894,DOW
2020-12-11,54.2900,54.4500,53.5700,54.0000,2674780,DOW
2020-12-10,54.6600,55.1100,54.0400,54.4300,3401959,DOW
2020-12-09,54.9400,55.7499,54.3500,54.6600,3219097,DOW
2020-12-08,52.9000,54.6700,52.8000,54.5500,3161546,DOW
2020-12-07,54.9300,54.9400,53.0200,53.2100,3602707,DOW
2020-12-04,53.8100,55.1000,53.8000,55.0500,3294474,DOW
2020-12-03,52.9900,53.8890,52.8000,53.6000,3213895,DOW
2020-12-02,53.3200,53.5650,52.6900,53.2000,3722954,DOW
2020-12-01,54.4300,54.4300,52.9000,53.5300,4313121,DOW
2020-11-30,54.8900,55.0000,52.8000,53.0100,8760639,DOW
2020-11-27,55.9100,56.0500,55.0100,55.4000,2847383,DOW
2020-11-25,57.4500,57.4500,56.1650,56.4300,4158453,DOW
2020-11-24,57.0000,58.1800,56.6100,57.7300,4401732,DOW
2020-11-23,55.2800,56.2900,55.2800,55.9400,4563309,DOW
2020-11-20,55.0700,55.4200,54.2800,54.7300,2871818,DOW
2020-11-19,54.9100,55.4900,53.9200,55.3400,3514002,DOW
2020-11-18,54.6500,56.2750,54.5300,55.3000,5903454,DOW
2020-11-17,53.1600,54.5600,52.8300,54.4800,4794952,DOW
2020-11-16,53.5500,53.9400,52.1400,53.9300,4075611,DOW
2020-11-13,50.2700,52.1300,50.2000,51.9700,3483195,DOW
2020-11-12,51.7400,52.0700,50.5400,51.0400,3468632,DOW
2020-11-11,53.5000,53.6050,52.0200,52.2100,4118487,DOW
2020-11-10,52.3300,53.7000,52.0700,53.4600,6148698,DOW
2020-11-09,51.5900,54.1800,51.5400,52.1200,9208254,DOW
2020-11-06,49.2300,49.8200,48.0310,48.2300,3061541,DOW
2020-11-05,46.9000,49.4500,46.8800,48.9700,4253017,DOW
2020-11-04,47.9500,48.3400,46.2522,46.4500,4542285,DOW
2020-11-03,48.2500,49.0300,47.6600,48.7300,3293458,DOW
2020-11-02,46.2500,48.0600,45.8800,47.8200,3675799,DOW
2020-10-30,45.8600,46.1899,44.7300,45.4900,5166099,DOW
2020-10-29,44.6300,46.6600,44.5700,46.2500,4300088,DOW
2020-10-28,44.9400,45.7000,44.3300,45.1800,6157072,DOW
2020-10-27,46.9200,47.1900,46.3900,46.5700,4141156,DOW
2020-10-26,47.9400,48.1400,46.8168,47.1500,4026350,DOW
2020-10-23,49.5200,49.9499,48.4100,48.5300,3123429,DOW
2020-10-22,49.8100,50.1600,47.1500,48.8200,5247621,DOW
2020-10-21,49.3800,49.7150,48.5500,48.5500,4092535,DOW
2020-10-20,49.3500,50.1500,49.2100,49.3400,2504534,DOW
2020-10-19,49.3300,50.3300,48.7400,48.8400,2903457,DOW
2020-10-16,49.3700,49.9950,49.1300,49.3000,2754650,DOW
2020-10-15,47.8800,49.0750,47.8400,49.0100,2793820,DOW
2020-10-14,47.8400,48.9699,47.4200,48.8300,5323887,DOW
2020-10-13,48.4800,48.9800,47.8000,47.8800,6832232,DOW
2020-10-12,49.4000,49.5000,48.2622,48.5800,3005701,DOW
2020-10-09,49.8000,50.0900,48.7000,49.3600,4473120,DOW
2020-10-08,48.6200,49.4100,48.4759,49.3800,2962044,DOW
2020-10-07,48.4500,49.0600,48.0000,48.3000,4506471,DOW
2020-10-06,49.1200,49.7900,47.8600,47.8800,4474717,DOW
2020-10-05,47.9000,48.8832,47.7000,48.5800,3913406,DOW
2020-10-02,45.3700,47.4700,45.1300,47.3100,4559039,DOW
2020-10-01,47.2100,47.5000,45.9300,46.1100,3407842,DOW
2020-09-30,47.1900,48.1200,46.6102,47.0500,4663564,DOW
2020-09-29,47.2300,47.7800,46.2600,46.5700,2716855,DOW
2020-09-28,46.5000,48.2800,46.5000,47.4800,3993125,DOW
2020-09-25,45.7700,46.4000,45.6300,46.0400,4090217,DOW
2020-09-24,46.6700,46.9900,45.6900,46.4100,4648682,DOW
2020-09-23,47.6800,48.1200,46.4700,46.7400,4017963,DOW
2020-09-22,47.9800,48.1550,47.2000,47.8000,4181859,DOW
2020-09-21,49.0400,49.3300,47.1800,47.9100,6468795,DOW
2020-09-18,50.5300,51.2300,50.2500,50.3700,6271507,DOW
2020-09-17,49.3700,51.2500,48.8500,50.9700,5253719,DOW
2020-09-16,50.1900,51.1000,49.4300,49.7000,5864228,DOW
2020-09-15,50.6100,51.5601,50.3900,51.0700,4771657,DOW
2020-09-14,50.0700,50.5100,49.6950,50.0900,5298909,DOW
2020-09-11,49.2100,50.4200,49.0400,49.8500,6225695,DOW
2020-09-10,49.3000,49.7500,48.6600,48.7000,4211309,DOW
2020-09-09,48.5700,49.8800,48.5000,49.2300,4168293,DOW
2020-09-08,47.6900,48.4150,47.4350,47.9300,4280766,DOW
2020-09-04,49.2900,49.7000,48.0800,48.6000,5326331,DOW
2020-09-03,49.2800,49.8000,47.9200,48.3900,6726911,DOW
2020-09-02,47.6800,49.2800,47.4200,49.2200,7305907,DOW
2020-09-01,44.7900,47.2800,44.4700,47.2700,5428599,DOW
2020-08-31,45.9900,46.1100,45.0900,45.1200,3916817,DOW
2020-08-28,45.4100,46.2100,44.9700,46.0500,3772941,DOW
2020-08-27,46.6800,46.9500,45.8100,46.1600,3702291,DOW
2020-08-26,45.6800,46.6600,45.2800,46.3400,3928691,DOW
2020-08-25,46.4100,46.6600,45.4730,45.5900,4188033,DOW
2020-08-24,44.3000,46.1500,44.0200,46.1200,4608978,DOW
2020-08-21,43.5000,43.8700,43.2500,43.5900,2511639,DOW
2020-08-20,44.0200,44.1400,43.5300,43.6900,3324045,DOW
2020-08-19,44.6900,45.1000,44.2500,44.6400,3453402,DOW
2020-08-18,44.4100,45.0300,44.3100,44.7100,2447199,DOW
2020-08-17,45.1000,45.4400,44.2100,44.4600,3256103,DOW
2020-08-14,43.9500,45.1400,43.8300,44.8700,1998413,DOW
2020-08-13,43.8600,44.8700,43.7100,44.4300,2767067,DOW
2020-08-12,45.2200,45.3800,43.9300,44.2800,2577510,DOW
2020-08-11,45.5400,46.0700,44.3400,44.5000,4373814,DOW
2020-08-10,42.8100,44.8900,42.8100,44.8000,4245910,DOW
2020-08-07,41.5800,42.6650,41.4444,42.6300,2913536,DOW
2020-08-06,41.6900,42.3167,41.0555,42.0500,3724985,DOW
2020-08-05,41.9000,42.4800,41.7500,41.9900,3628782,DOW
2020-08-04,40.0400,41.8650,39.9000,41.3200,5408755,DOW
2020-08-03,41.2200,41.2400,40.0800,40.0900,5084560,DOW
2020-07-31,41.4900,41.9200,40.5900,41.0600,7463214,DOW
2020-07-30,42.6600,42.8300,41.3400,41.7300,4118685,DOW
2020-07-29,42.8000,43.6359,42.7400,43.5200,3187161,DOW
2020-07-28,43.7400,44.0200,42.5900,42.6200,3395547,DOW
2020-07-27,42.8100,44.4800,42.4300,44.0000,4733801,DOW
2020-07-24,42.8200,43.4800,42.3000,42.6100,2999946,DOW
2020-07-23,43.0000,43.2000,41.8800,42.8200,6574291,DOW
2020-07-22,42.9400,44.5000,42.8850,44.3400,5792842,DOW
2020-07-21,42.5000,43.4300,42.4500,43.0400,3399612,DOW
2020-07-20,43.3400,43.6750,42.1200,42.3000,3578885,DOW
2020-07-17,44.0700,44.1500,42.9600,43.6700,4610573,DOW
2020-07-16,43.1900,44.2650,42.8400,43.8300,4259812,DOW
2020-07-15,43.6500,44.1000,42.5550,43.3300,3786525,DOW
2020-07-14,41.3200,42.6800,41.2400,42.4400,4347174,DOW
2020-07-13,41.1000,41.8400,40.5000,41.2400,3087864,DOW
2020-07-10,39.4400,40.8200,39.4230,40.7600,3006985,DOW
2020-07-09,40.3900,40.5200,39.1700,39.4400,3671309,DOW
2020-07-08,41.4900,41.7800,39.6350,40.3500,4825707,DOW
2020-07-07,41.7400,42.0700,41.1700,41.6900,4535918,DOW
2020-07-06,42.6300,42.7800,41.5600,42.4500,4675975,DOW
2020-07-02,41.6600,42.2500,40.9100,41.5900,3988108,DOW
2020-07-01,40.7500,41.3000,40.3300,40.7500,4024722,DOW
2020-06-30,40.5900,40.9500,39.7600,40.7600,4835256,DOW
2020-06-29,40.3600,41.1950,40.1900,40.9800,7756715,DOW
2020-06-26,39.5600,40.0000,38.7300,39.8000,8332793,DOW
2020-06-25,38.0000,40.0300,37.6800,39.9800,5981537,DOW
2020-06-24,40.6000,40.7200,38.3200,38.4500,7699335,DOW
2020-06-23,42.4800,42.4800,41.3300,41.3500,3601758,DOW
2020-06-22,41.4600,42.1300,40.6700,41.7400,3305895,DOW
2020-06-19,42.6300,43.0000,41.4700,41.6500,7492701,DOW
2020-06-18,40.6500,41.9900,40.3800,41.5800,4103515,DOW
2020-06-17,42.7000,42.7960,41.0300,41.1700,3523660,DOW
2020-06-16,44.1600,44.5000,41.4400,42.2500,5592437,DOW
2020-06-15,39.4800,42.4500,39.2900,41.9800,5665288,DOW
2020-06-12,41.8200,41.9150,39.9850,41.2300,5033778,DOW
2020-06-11,41.2250,42.0400,38.9500,39.2600,9220524,DOW
2020-06-10,44.3900,44.5000,43.4000,43.5800,4265195,DOW
2020-06-09,44.4700,44.8200,43.9190,44.4100,5533409,DOW
2020-06-08,44.0800,45.9300,44.0800,45.9000,5725470,DOW
2020-06-05,44.7100,45.7300,43.8370,43.9700,7656067,DOW
2020-06-04,41.5000,42.7600,41.3200,42.7100,3899662,DOW
2020-06-03,41.4900,42.3000,41.4600,41.6300,5157362,DOW
2020-06-02,39.2000,41.2300,39.0900,40.6000,6080617,DOW
2020-06-01,38.6100,39.0100,38.1800,38.6100,3009686,DOW
2020-05-29,38.1400,38.9900,37.7200,38.6000,5254184,DOW
2020-05-28,39.5700,39.6900,38.3500,38.7100,5266794,DOW
2020-05-27,39.9500,40.6650,39.0300,39.8200,6889460,DOW
2020-05-26,38.3600,38.9500,37.9200,38.7900,6183485,DOW
2020-05-22,35.6800,36.1800,35.3700,36.1200,3040557,DOW
2020-05-21,36.0000,36.7600,35.6600,35.8200,3939199,DOW
2020-05-20,36.3400,37.0000,35.7600,36.1800,5654723,DOW
2020-05-19,36.6300,36.6800,35.5800,35.6400,4414561,DOW
2020-05-18,35.8800,38.0100,35.7100,36.7400,8544879,DOW
2020-05-15,33.2100,33.9800,32.8300,33.5600,4829217,DOW
2020-05-14,31.1900,33.5500,30.9000,33.5100,6187030,DOW
2020-05-13,33.5000,33.5630,31.7900,32.3500,5861923,DOW
2020-05-12,34.2500,35.4100,33.7500,33.7900,5666104,DOW
2020-05-11,34.2000,34.2400,33.0800,33.9000,4320208,DOW
2020-05-08,33.7800,34.3700,33.3700,34.3300,4324319,DOW
2020-05-07,32.5300,33.8000,32.5100,32.8500,5056234,DOW
2020-05-06,32.7100,33.3750,31.8800,31.9600,4593302,DOW
2020-05-05,33.6300,34.5500,33.2300,33.3700,5040504,DOW
2020-05-04,32.1000,33.1400,31.7600,33.0600,6246170,DOW
2020-05-01,34.7300,35.0900,33.5400,33.9300,8706999,DOW
2020-04-30,37.2700,37.3500,36.0500,36.6900,10956766,DOW
2020-04-29,37.0000,38.0900,36.9000,37.4700,6881614,DOW
2020-04-28,35.4800,36.1900,34.7100,35.8700,5865947,DOW
2020-04-27,33.3100,34.7450,32.8100,34.4400,4885171,DOW
2020-04-24,33.0400,33.3500,32.2400,33.1200,4978403,DOW
2020-04-23,32.1000,33.3300,32.0100,32.5600,7721249,DOW
2020-04-22,31.8000,32.0250,30.8800,31.8400,5331005,DOW
2020-04-21,30.4000,31.1600,29.6200,30.8800,7311050,DOW
2020-04-20,32.1800,32.8300,31.5000,31.5300,7131729,DOW
2020-04-17,33.0400,34.0600,32.6000,33.4200,6542022,DOW
2020-04-16,32.6900,32.6900,30.6500,31.6300,6881425,DOW
2020-04-15,33.8500,33.8500,31.8700,32.2300,7580189,DOW
2020-04-14,36.3700,37.1400,35.0900,35.3700,7342992,DOW
2020-04-13,36.4700,36.9000,34.5700,35.2300,7165515,DOW
2020-04-09,35.7500,37.7400,35.5400,36.5600,9891273,DOW
2020-04-08,32.9700,34.9400,32.3600,34.7900,7217244,DOW
2020-04-07,32.7600,35.0700,31.8100,32.3300,15026462,DOW
2020-04-06,29.5300,30.9800,29.5000,30.5400,8019449,DOW
2020-04-03,27.7800,28.5700,27.4200,27.9700,8004024,DOW
2020-04-02,27.1100,29.8400,26.9250,28.0300,10678830,DOW
2020-04-01,27.8400,28.2700,26.9400,27.0400,10334236,DOW
2020-03-31,28.5500,30.0800,28.4500,29.2400,7599729,DOW
2020-03-30,28.3100,29.3900,27.8100,28.6500,6815125,DOW
2020-03-27,28.0000,29.2620,26.9200,28.5600,9100192,DOW
2020-03-26,30.2800,31.3000,28.9500,29.6800,14298415,DOW
2020-03-25,29.1800,32.4250,28.6000,30.3800,10530088,DOW
2020-03-24,28.6600,29.9600,26.9000,28.4700,12316611,DOW
2020-03-23,27.1400,28.4300,26.0100,26.5800,11694658,DOW
2020-03-20,28.5900,29.6900,26.5900,27.4400,12647941,DOW
2020-03-19,26.2800,31.3500,25.9300,28.1200,13887558,DOW
2020-03-18,24.8400,28.2900,24.5100,26.4400,16940131,DOW
2020-03-17,25.6700,27.6000,22.7400,26.6000,19853725,DOW
2020-03-16,23.1000,25.4300,21.9500,22.0000,12198819,DOW
2020-03-13,27.9300,28.0100,22.5800,25.6900,17342507,DOW
2020-03-12,25.4500,26.3900,22.3900,23.6700,18159366,DOW
2020-03-11,30.1900,30.3300,27.8500,27.9900,12444065,DOW
2020-03-10,32.5100,33.3300,29.3150,31.4000,12973198,DOW
2020-03-09,34.7500,34.9400,30.4300,30.5300,15076868,DOW
2020-03-06,38.7200,39.6900,38.3100,38.9700,6927495,DOW
2020-03-05,40.0300,40.6300,39.6600,40.1000,5447351,DOW
2020-03-04,41.4500,41.9700,40.2100,41.9100,4967034,DOW
2020-03-03,41.3500,42.7440,39.7400,40.5600,6763698,DOW
2020-03-02,41.0500,41.4200,39.7800,41.4200,7705004,DOW
2020-02-28,38.1200,40.4900,38.0500,40.4100,10279951,DOW
2020-02-27,41.3300,41.4600,39.5000,39.5500,10007708,DOW
2020-02-26,44.4500,44.8800,43.0200,43.0500,6470381,DOW
2020-02-25,46.5000,46.5350,43.5800,43.9500,5528829,DOW
2020-02-24,46.6100,47.0400,45.8000,46.2400,5075299,DOW
2020-02-21,48.5800,48.7700,48.0800,48.3000,3972846,DOW
2020-02-20,47.5200,48.8100,47.4400,48.7600,4154247,DOW
2020-02-19,47.8200,48.2900,47.4100,47.5600,5644864,DOW
2020-02-18,48.1900,48.5200,47.2290,47.7400,3594317,DOW
2020-02-14,48.5100,48.9400,48.3800,48.6300,3206989,DOW
2020-02-13,48.9000,48.9900,48.0200,48.3000,3302605,DOW
2020-02-12,49.6900,50.3700,48.9900,49.3800,2963591,DOW
2020-02-11,48.5400,50.0100,48.5000,48.7900,3705361,DOW
2020-02-10,47.8000,48.7200,47.8000,48.1900,2488290,DOW
2020-02-07,48.5400,48.5400,47.4500,48.0300,3802057,DOW
2020-02-06,49.6100,49.6600,48.5600,49.2000,5984683,DOW
2020-02-05,48.8800,49.7400,48.5200,49.6100,5402675,DOW
2020-02-04,47.6500,48.3800,47.4400,48.0500,5286125,DOW
2020-02-03,46.3100,46.9700,45.7300,46.7400,6364885,DOW
2020-01-31,47.7000,47.8650,45.9200,46.0700,7532245,DOW
2020-01-30,48.3100,48.9800,47.6600,48.4700,5644830,DOW
2020-01-29,48.9800,49.9500,48.6000,49.6700,6827952,DOW
2020-01-28,47.4000,47.7200,47.0200,47.1600,5812835,DOW
2020-01-27,47.3100,47.5800,46.6400,47.1800,4826744,DOW
2020-01-24,49.8800,50.2700,48.0400,48.4900,5919307,DOW
2020-01-23,50.2200,50.7500,49.1500,50.2500,5797594,DOW
2020-01-22,52.7300,52.8000,50.6820,50.8700,5148811,DOW
2020-01-21,52.9800,53.1500,52.2000,52.6000,4154674,DOW
2020-01-17,52.5300,53.3600,52.4250,53.3400,3897498,DOW
2020-01-16,52.5800,52.8700,52.1700,52.4800,3765634,DOW
2020-01-15,52.1900,52.6500,51.7000,52.2700,2235412,DOW
2020-01-14,52.1900,52.9700,51.9500,52.2400,3689824,DOW
2020-01-13,51.5000,52.4000,51.4700,52.3500,2665522,DOW
2020-01-10,52.8600,52.8700,51.4000,51.5000,3277304,DOW
2020-01-09,52.7500,53.0700,51.8100,52.1900,2667816,DOW
2020-01-08,52.4100,53.1700,51.9200,52.7300,3629739,DOW
2020-01-07,52.2900,53.0650,51.9900,52.1900,5122795,DOW
2020-01-06,52.3200,52.8800,52.0000,52.2100,4292996,DOW
2020-01-03,53.1100,53.6000,52.4100,52.4200,5004295,DOW
2020-01-02,55.2300,55.5400,53.6400,53.7500,5145239,DOW
2019-12-31,54.0200,54.7800,53.9300,54.7300,2145716,DOW
2019-12-30,54.8600,55.0500,54.2400,54.3400,1943330,DOW
2019-12-27,55.2900,55.5500,54.7200,54.8300,1688526,DOW
2019-12-26,54.9800,55.2300,54.5200,55.2200,1909555,DOW
2019-12-24,55.0000,55.2500,54.6500,54.9000,926169,DOW
2019-12-23,54.4900,55.0500,54.2200,54.9300,2678479,DOW
2019-12-20,55.0500,55.2500,54.0200,54.6100,10475184,DOW
2019-12-19,54.4300,54.8700,54.0600,54.5200,3355670,DOW
2019-12-18,54.3600,54.6900,53.5400,54.2500,3659050,DOW
2019-12-17,54.1000,54.7400,53.9300,54.6600,2665310,DOW
2019-12-16,53.6100,54.5400,53.5100,54.1700,4039972,DOW
2019-12-13,54.6400,54.8200,53.2500,53.2800,3198575,DOW
2019-12-12,53.2500,54.5800,52.8200,54.4500,2882315,DOW
2019-12-11,53.5000,54.0700,53.0500,53.1000,3196455,DOW
2019-12-10,53.3600,53.3900,52.6900,53.1300,2609674,DOW
2019-12-09,53.9600,53.9800,52.9900,53.2700,2377246,DOW
2019-12-06,52.5900,53.7500,52.5900,53.2200,2852856,DOW
2019-12-05,52.5300,52.6500,51.6800,52.0000,2692643,DOW
2019-12-04,53.4900,53.4900,52.2100,52.2800,3791364,DOW
2019-12-03,51.9600,52.0100,51.0500,51.8200,3989296,DOW
2019-12-02,53.0000,53.7500,52.8900,53.1600,3363901,DOW
2019-11-29,54.0100,54.2800,53.1200,53.3700,1887577,DOW
2019-11-27,54.6800,54.9000,53.9000,54.2800,3925984,DOW
2019-11-26,55.2500,55.7500,54.8200,55.3700,4680408,DOW
2019-11-25,54.8200,55.2300,54.3600,55.2000,5100027,DOW
2019-11-22,53.9800,54.6600,53.6000,54.2000,3119237,DOW
2019-11-21,52.7100,53.9200,52.3500,53.8800,4621467,DOW
2019-11-20,53.1400,53.4500,52.1000,52.6700,5396391,DOW
2019-11-19,54.8100,54.8100,52.7900,53.3900,5230197,DOW
2019-11-18,54.7500,54.9100,54.1200,54.3200,3445289,DOW
2019-11-15,54.2700,55.2900,54.1400,54.8600,3869678,DOW
2019-11-14,53.3000,54.1400,53.1500,53.9500,2597581,DOW
2019-11-13,54.1900,54.4800,53.4600,53.6600,3451005,DOW
2019-11-12,56.0000,56.1100,54.5300,55.1600,2742339,DOW
2019-11-11,55.5500,56.2500,55.2200,55.8100,3199377,DOW
2019-11-08,55.5000,55.9900,55.0200,55.9900,4830952,DOW
2019-11-07,54.9400,55.9400,54.4200,55.8000,6686416,DOW
2019-11-06,54.1600,54.7400,53.8100,54.2800,3864084,DOW
2019-11-05,54.0100,55.0000,53.6500,54.2000,6073216,DOW
2019-11-04,52.6500,54.4100,52.4600,54.1700,5436126,DOW
2019-11-01,50.9800,52.4900,50.9000,52.3100,3240073,DOW
2019-10-31,50.8800,51.0300,49.7100,50.4900,3793969,DOW
2019-10-30,51.2000,51.4700,50.3300,51.0300,3605620,DOW
2019-10-29,50.9600,51.6300,50.3700,51.4900,3471260,DOW
2019-10-28,50.7500,51.4400,50.4300,51.2100,4542726,DOW
2019-10-25,49.7800,50.7600,48.9000,50.4800,5407984,DOW
2019-10-24,48.6500,49.9900,47.8400,49.4700,6117105,DOW
2019-10-23,46.7800,47.5100,46.5500,47.2300,4291623,DOW
2019-10-22,47.0800,47.3840,46.0200,46.8200,4940254,DOW
2019-10-21,48.5900,48.9700,47.0900,47.1200,3999361,DOW
2019-10-18,47.9100,48.1910,47.3600,47.9600,3013731,DOW
2019-10-17,47.4400,48.5400,47.1400,47.8100,2726017,DOW
2019-10-16,47.4900,47.9200,47.0100,47.1200,3630939,DOW
2019-10-15,46.8200,48.1000,46.5300,47.2000,3352271,DOW
2019-10-14,46.7200,47.2700,46.2400,46.8200,3250767,DOW
2019-10-11,45.7500,47.7200,45.5030,47.1300,3699287,DOW
2019-10-10,44.3300,45.2900,44.0200,44.9200,4367724,DOW
2019-10-09,44.3900,44.5400,44.0000,44.0100,2847753,DOW
2019-10-08,44.7500,45.0500,43.8300,43.8500,2999723,DOW
2019-10-07,45.0800,45.7700,44.7650,45.1700,2984406,DOW
2019-10-04,45.1800,45.7800,45.0100,45.3400,3589401,DOW
2019-10-03,44.8500,45.3900,44.3700,45.3100,3464799,DOW
2019-10-02,44.6700,45.1700,44.3600,44.9300,4836105,DOW
2019-10-01,47.9400,48.5700,45.9000,45.9700,3844516,DOW
2019-09-30,47.2600,47.7900,47.1100,47.6500,2568066,DOW
2019-09-27,47.4000,47.8800,47.0100,47.0700,3725668,DOW
2019-09-26,47.5100,47.6900,46.9340,47.2300,2998577,DOW
2019-09-25,46.5500,47.9700,46.1300,47.6800,4415701,DOW
2019-09-24,47.7800,48.0000,45.9500,46.6000,4523839,DOW
2019-09-23,47.3900,48.2150,47.1200,47.9100,3606911,DOW
2019-09-20,47.4700,48.8500,47.0700,48.2100,10589641,DOW
2019-09-19,48.1200,48.4100,47.4900,47.6400,2536357,DOW
2019-09-18,47.9000,47.9000,47.0200,47.5100,2592233,DOW
2019-09-17,48.6700,49.0900,47.6100,48.0000,4921408,DOW
2019-09-16,48.6900,49.9800,48.2800,49.0100,5040105,DOW
2019-09-13,47.6400,48.4400,47.2500,48.2000,4027252,DOW
2019-09-12,47.0700,47.1900,45.5700,46.9700,3649669,DOW
2019-09-11,46.5200,47.0500,45.5800,46.8800,4444423,DOW
2019-09-10,45.1000,46.3700,44.7800,46.3200,4702818,DOW
2019-09-09,43.5300,44.6270,43.2600,44.4500,3639259,DOW
2019-09-06,43.5400,43.6600,42.6600,43.2400,3217871,DOW
2019-09-05,43.1500,43.9700,43.0900,43.3600,4044431,DOW
2019-09-04,42.5900,42.7900,41.8500,42.5400,2654555,DOW
2019-09-03,42.1400,42.2300,41.1500,41.8000,3360300,DOW
2019-08-30,42.8300,43.0000,42.2700,42.6300,4105361,DOW
2019-08-29,42.3300,43.0000,42.2100,42.3700,3296607,DOW
2019-08-28,41.1500,42.6400,40.7600,42.5200,4631788,DOW
2019-08-27,41.1900,41.7300,40.9190,41.1700,4153371,DOW
2019-08-26,41.2700,41.3500,40.6100,40.8200,3404507,DOW
2019-08-23,42.0000,42.0200,40.4400,40.7100,6718214,DOW
2019-08-22,43.3200,43.9000,42.0200,42.0500,6074608,DOW
2019-08-21,43.8500,44.2400,43.2400,43.2800,4398365,DOW
2019-08-20,45.2500,45.2500,43.0700,43.1600,5973272,DOW
2019-08-19,45.3600,45.8630,45.1500,45.6000,3615483,DOW
2019-08-16,43.2900,44.8100,42.7700,44.5100,4586010,DOW
2019-08-15,44.3400,44.3700,42.9600,43.3800,3494579,DOW
2019-08-14,45.8000,46.1500,44.0000,44.0800,6178272,DOW
2019-08-13,45.7800,47.7600,45.5800,46.8500,5415836,DOW
2019-08-12,46.3900,46.8000,45.5200,45.6900,5320263,DOW
2019-08-09,46.4200,46.9900,46.1000,46.6400,4472721,DOW
2019-08-08,45.1970,46.8200,45.1900,46.7900,4573351,DOW
2019-08-07,44.1000,45.0000,43.9100,44.8900,4490080,DOW
2019-08-06,45.1100,45.4500,43.7350,44.4300,4702804,DOW
2019-08-05,45.0600,45.1300,44.0700,44.7700,5147308,DOW
2019-08-02,46.6900,47.5000,45.3700,45.6000,5346434,DOW
2019-08-01,48.1500,48.6000,46.7800,46.8500,5803209,DOW
2019-07-31,48.4900,49.4300,47.9500,48.4400,5188502,DOW
2019-07-30,47.7800,48.4400,47.7800,48.4000,4194314,DOW
2019-07-29,48.5200,48.8800,47.9800,48.0500,4219839,DOW
2019-07-26,50.2700,50.3000,48.9200,49.1100,5066020,DOW
2019-07-25,51.6400,51.9900,50.3000,50.7700,4254577,DOW
2019-07-24,52.5000,52.9900,52.0400,52.7900,3516493,DOW
2019-07-23,51.0000,52.9000,50.9500,52.6200,4387686,DOW
2019-07-22,51.5040,51.5700,50.6000,50.8800,2815169,DOW
2019-07-19,51.7700,51.8300,51.5000,51.5200,3221517,DOW
2019-07-18,51.5500,52.0500,51.2800,51.7500,3662569,DOW
2019-07-17,52.1600,52.3000,51.2300,51.6000,4417567,DOW
2019-07-16,50.9500,52.6450,50.9500,52.3200,6011246,DOW
2019-07-15,49.7700,50.9500,49.6600,50.9300,4923844,DOW
2019-07-12,48.4600,50.0400,48.0800,49.7100,4328444,DOW
2019-07-11,47.7300,48.0600,47.1800,47.7800,4202113,DOW
2019-07-10,48.3400,48.4200,47.5200,47.5500,3507432,DOW
2019-07-09,48.3000,48.4300,47.5000,47.8700,4967429,DOW
2019-07-08,49.3400,49.5000,48.3850,48.5200,5936049,DOW
2019-07-05,49.0100,49.3700,48.9600,49.3100,2529919,DOW
2019-07-03,49.4600,49.6500,49.2000,49.3300,2479359,DOW
2019-07-02,50.0000,50.0600,48.7600,49.4000,4726195,DOW
2019-07-01,50.0000,50.2000,49.5200,50.1600,4659633,DOW
2019-06-28,51.0400,51.2000,49.0800,49.3100,6507386,DOW
2019-06-27,50.6100,51.1400,50.5310,50.9100,4097246,DOW
2019-06-26,49.8500,51.2200,49.8100,50.4500,5244396,DOW
2019-06-25,49.4900,50.2230,49.0500,49.6900,4005218,DOW
2019-06-24,48.5100,49.7000,48.3200,49.5800,4602352,DOW
2019-06-21,48.8200,49.2700,48.3100,48.3600,9478466,DOW
2019-06-20,49.0950,49.5900,48.6200,48.9300,4228328,DOW
2019-06-19,49.9500,50.2400,48.3300,48.5000,5404141,DOW
2019-06-18,49.7500,50.5700,49.4000,49.6100,5014237,DOW
2019-06-17,50.0600,50.3300,49.0500,49.3500,5787336,DOW
2019-06-14,52.6300,52.6900,51.0000,51.1500,3919484,DOW
2019-06-13,52.6800,52.9500,52.0400,52.8800,4179766,DOW
2019-06-12,52.0600,52.6400,51.6800,52.4900,3103878,DOW
2019-06-11,52.0000,52.1700,51.5600,52.0400,5144357,DOW
2019-06-10,51.7200,52.1000,51.5800,51.6200,5434387,DOW
2019-06-07,51.1300,51.6900,50.8700,51.3000,5391099,DOW
2019-06-06,50.2800,51.3100,50.1500,51.0600,6228075,DOW
2019-06-05,50.4900,50.5700,49.0500,50.3400,6413509,DOW
2019-06-04,48.6800,49.9300,48.6400,49.9300,7043092,DOW
2019-06-03,46.8500,47.9600,46.8500,47.9600,5905198,DOW
2019-05-31,47.9600,48.0000,46.7500,46.7600,3396850,DOW
2019-05-30,48.1200,48.5900,48.0200,48.4700,3777607,DOW
2019-05-29,48.2000,49.4300,48.0100,48.7100,3525856,DOW
2019-05-28,49.3700,49.4300,48.1000,48.5600,6613184,DOW
2019-05-24,49.3900,49.5750,48.4400,49.2000,2918936,DOW
2019-05-23,49.5000,49.8600,48.2100,48.7100,4919173,DOW
2019-05-22,50.4600,50.6100,49.9650,50.2100,3019120,DOW
2019-05-21,50.2800,51.1900,50.0200,50.6300,4968460,DOW
2019-05-20,50.4000,50.5400,49.9200,50.0800,5168422,DOW
2019-05-17,52.3400,52.5200,50.6600,50.8000,4440775,DOW
2019-05-16,53.2900,53.5500,52.7300,52.9800,3689745,DOW
2019-05-15,51.9800,53.3250,51.6700,52.9500,2928861,DOW
2019-05-14,51.3300,53.0000,50.8400,52.4800,4204519,DOW
2019-05-13,52.2800,52.5500,50.7600,50.9500,4213102,DOW
2019-05-10,52.9400,53.7140,52.4900,53.0700,4758371,DOW
2019-05-09,52.2600,53.1400,51.5500,52.9300,4579758,DOW
2019-05-08,53.3300,53.3950,52.3100,52.4800,5390685,DOW
2019-05-07,52.8600,53.3250,52.6500,52.9500,7330785,DOW
2019-05-06,52.1500,54.0300,51.7000,53.4600,6089501,DOW
2019-05-03,53.2000,53.3500,51.7200,53.3000,7401851,DOW
2019-05-02,55.5400,56.4900,52.0300,52.7000,13932682,DOW
2019-05-01,56.8200,57.4800,55.8800,56.1300,7644453,DOW
2019-04-30,55.7600,57.2050,55.6000,56.7300,6454064,DOW
2019-04-29,55.0500,55.6850,54.8000,55.5000,5935245,DOW
2019-04-26,55.3000,55.6000,54.9500,55.2500,4009795,DOW
2019-04-25,55.7600,55.9800,54.8200,55.3300,6260460,DOW
2019-04-24,57.4900,57.8900,55.8650,55.9800,5431323,DOW
2019-04-23,57.2900,57.8400,57.0000,57.6400,5687232,DOW
2019-04-22,57.4800,58.4100,57.2600,57.8900,4401749,DOW
2019-04-18,58.3600,58.6100,57.5500,57.7700,5178855,DOW
2019-04-17,58.9500,59.0500,58.2000,58.3200,6420663,DOW
2019-04-16,58.7100,58.9900,57.8400,58.5000,6681567,DOW
2019-04-15,58.5700,58.8500,57.2900,57.7800,5727269,DOW
2019-04-12,55.9300,58.3300,55.9300,58.3000,9281662,DOW
2019-04-11,55.7000,56.2100,54.8300,54.8900,7346094,DOW
2019-04-10,55.9900,56.4100,55.1000,55.7100,9081860,DOW
2019-04-09,56.8000,57.2000,56.0800,56.2700,9179922,DOW
2019-04-08,56.5000,58.3900,56.2700,57.1500,10764569,DOW
2019-04-05,58.3900,58.9800,56.2700,57.2400,17000788,DOW
2019-04-04,57.2000,60.5200,57.1000,59.7100,13311868,DOW
2019-04-03,57.0800,57.2000,55.5100,56.8800,15066169,DOW
2019-04-02,55.1200,57.3900,54.3000,56.2500,17414153,DOW
2019-04-01,52.3000,54.3900,51.2500,53.5000,19663442,DOW
2019-03-29,49.5200,52.4800,49.1800,51.6300,1769027,DOW
2019-03-28,50.9000,51.0000,49.9150,50.8500,585438,DOW
2019-03-27,49.0000,50.7800,49.0000,50.1000,1788588,DOW
2019-03-26,49.0000,49.7500,48.1800,48.8500,504734,DOW
2019-03-25,48.6000,49.4000,48.0000,49.1500,440892,DOW
2019-03-22,48.8000,49.9500,48.1600,48.6000,844690,DOW
2019-03-21,49.9900,50.0000,48.2000,48.9800,1764671,DOW
2019-03-20,52.7500,53.5000,49.5000,49.8000,2350838,DOW
