date,open,high,low,close,volume,symbol
2024-05-31,56.63,57.75,56.591,57.63,5920058,DOW
2024-05-30,57.0,57.55,56.98,57.39,3180411,DOW
2024-05-29,57.5,57.61,56.97,57.0,2969532,DOW
2024-05-28,57.9,58.365,57.76,58.04,2493681,DOW
2024-05-24,57.29,57.82,57.28,57.76,2675900,DOW
2024-05-23,57.49,57.52,56.82,56.92,3423516,DOW
2024-05-22,58.52,58.66,57.29,57.6,4852018,DOW
2024-05-21,59.18,59.29,58.805,58.91,2252890,DOW
2024-05-20,59.1,59.45,58.8,59.24,1915143,DOW
2024-05-17,59.06,59.21,58.7,59.19,2668713,DOW
2024-05-16,59.04,59.41,58.51,58.7,4871335,DOW
2024-05-15,60.04,60.19,58.97,59.06,3541172,DOW
2024-05-14,59.56,59.94,59.515,59.65,3516821,DOW
2024-05-13,59.5,59.92,59.23,59.36,2257733,DOW
2024-05-10,59.69,60.13,59.28,59.41,3053627,DOW
2024-05-09,58.75,59.59,58.75,59.45,4208243,DOW
2024-05-08,57.94,59.33,57.94,58.64,4950706,DOW
2024-05-07,57.61,59.13,57.37,58.36,6215160,DOW
2024-05-06,57.26,57.37,56.72,57.34,3862633,DOW
2024-05-03,57.19,57.43,56.75,57.04,2544394,DOW
2024-05-02,57.57,57.76,56.3899,56.83,4453050,DOW
2024-05-01,57.04,57.95,56.43,57.23,5102871,DOW
2024-04-30,57.27,57.95,56.88,56.9,5566023,DOW
2024-04-29,57.23,57.83,57.17,57.8,4249776,DOW
2024-04-26,57.65,58.21,57.15,57.29,5573593,DOW
2024-04-25,57.71,57.9,55.06,56.44,7082841,DOW
2024-04-24,56.41,57.22,56.38,56.98,4954674,DOW
2024-04-23,56.65,57.1018,56.45,56.74,3099345,DOW
2024-04-22,56.62,57.31,56.28,56.99,3211574,DOW
2024-04-19,56.49,56.92,56.315,56.66,3862096,DOW
2024-04-18,57.3,57.3,56.04,56.49,3856169,DOW
2024-04-17,57.17,57.36,56.67,56.82,2815378,DOW
2024-04-16,56.98,57.12,56.64,56.86,3098033,DOW
2024-04-15,58.23,58.67,56.915,57.32,3885266,DOW
2024-04-12,58.12,58.62,57.56,57.69,3788281,DOW
2024-04-11,58.96,59.0,58.29,58.46,3432099,DOW
2024-04-10,59.21,59.64,58.37,58.85,4251898,DOW
2024-04-09,59.95,60.25,59.4825,59.87,3572445,DOW
2024-04-08,59.95,60.19,59.15,59.52,3775711,DOW
2024-04-05,59.99,59.99,59.09,59.69,3861194,DOW
2024-04-04,60.41,60.69,59.645,59.86,5380317,DOW
2024-04-03,59.38,60.28,59.38,59.99,4938391,DOW
2024-04-02,58.33,59.375,58.0113,59.29,6329055,DOW
2024-04-01,57.86,58.34,57.41,58.26,3826979,DOW
2024-03-28,58.2,58.44,57.8,57.93,4064553,DOW
2024-03-27,57.56,58.16,57.43,58.14,5126900,DOW
2024-03-26,57.67,57.69,57.06,57.07,3621593,DOW
2024-03-25,57.77,57.85,57.28,57.39,3422417,DOW
2024-03-22,57.99,58.21,57.58,57.68,3375990,DOW
2024-03-21,58.5,58.62,57.555,57.93,5870747,DOW
2024-03-20,56.57,58.71,56.38,58.17,7789651,DOW
2024-03-19,56.71,57.05,56.415,56.76,6782690,DOW
2024-03-18,57.4,57.41,56.559,56.74,7409071,DOW
2024-03-15,57.35,57.8,56.94,57.04,20629643,DOW
2024-03-14,57.66,57.91,56.925,57.32,6848829,DOW
2024-03-13,57.86,58.74,57.6,57.97,7630445,DOW
2024-03-12,57.64,57.86,57.16,57.68,4047762,DOW
2024-03-11,56.69,57.795,56.55,57.43,4431573,DOW
2024-03-08,57.1,57.69,56.57,56.61,4723658,DOW
2024-03-07,57.37,57.655,56.56,56.94,4568758,DOW
2024-03-06,57.95,58.1,56.351,56.86,4840148,DOW
2024-03-05,56.62,57.74,56.62,56.98,6093430,DOW
2024-03-04,55.53,57.16,55.48,57.02,7042209,DOW
2024-03-01,55.87,56.23,55.61,55.77,4651350,DOW
2024-02-29,55.19,56.04,54.97,55.88,6733585,DOW
2024-02-28,55.47,55.69,55.01,55.1,4432765,DOW
2024-02-27,56.37,56.56,55.9507,56.27,3912951,DOW
2024-02-26,56.14,56.48,55.85,56.07,3741571,DOW
2024-02-23,56.03,56.82,56.0,56.39,4414203,DOW
2024-02-22,55.75,56.185,55.66,56.0,5088582,DOW
2024-02-21,54.84,55.83,54.76,55.75,4067170,DOW
2024-02-20,54.79,55.45,54.4465,54.71,4493926,DOW
2024-02-16,55.13,55.955,54.96,55.48,5060894,DOW
2024-02-15,53.91,55.38,53.84,55.17,4500494,DOW
2024-02-14,53.49,53.89,53.23,53.58,3766535,DOW
2024-02-13,54.0,54.27,52.6,53.18,5105470,DOW
2024-02-12,54.0,55.28,53.85,54.79,5262776,DOW
2024-02-09,53.79,54.12,53.555,53.99,3897487,DOW
2024-02-08,54.17,54.2003,53.5,53.88,3554351,DOW
2024-02-07,54.25,54.39,53.7,54.09,3455830,DOW
2024-02-06,53.22,54.15,53.05,54.04,5213086,DOW
2024-02-05,52.54,53.539,52.36,53.16,5482053,DOW
2024-02-02,53.09,53.7563,52.49,53.42,5720251,DOW
2024-02-01,53.91,54.01,52.67,53.54,5039993,DOW
2024-01-31,54.5,54.56,53.58,53.6,5472130,DOW
2024-01-30,53.6,54.535,53.5,54.47,4641015,DOW
2024-01-29,54.17,54.22,53.41,54.07,3742436,DOW
2024-01-26,55.0,55.295,53.7563,54.06,5240823,DOW
2024-01-25,54.76,55.13,53.77,54.94,7240758,DOW
2024-01-24,53.72,54.13,53.03,53.09,5731672,DOW
2024-01-23,54.0,54.455,53.745,53.91,4668132,DOW
2024-01-22,52.72,53.62,52.55,53.56,5615698,DOW
2024-01-19,52.69,52.9974,52.12,52.81,4171456,DOW
2024-01-18,52.58,52.73,52.1,52.6,4230478,DOW
2024-01-17,52.33,52.62,52.04,52.47,3469229,DOW
2024-01-16,53.37,53.39,52.27,53.1,5962760,DOW
2024-01-12,54.02,54.16,53.015,53.37,3673569,DOW
2024-01-11,53.24,53.67,52.74,53.64,4497368,DOW
2024-01-10,53.65,53.93,53.045,53.38,4062185,DOW
2024-01-09,54.59,54.59,53.78,53.94,4287002,DOW
2024-01-08,54.68,55.14,54.39,55.08,3966156,DOW
2024-01-05,54.03,55.03,53.98,54.82,3796337,DOW
2024-01-04,54.6,54.99,54.045,54.19,4579650,DOW
2024-01-03,54.85,55.08,53.95,54.63,4119952,DOW
2024-01-02,54.74,55.68,54.585,55.33,3533532,DOW
2023-12-29,55.1,55.26,54.68,54.84,2271489,DOW
2023-12-28,55.59,55.7004,55.16,55.23,2172573,DOW
2023-12-27,55.69,55.8579,55.47,55.71,2534025,DOW
2023-12-26,55.21,55.895,55.12,55.71,2266180,DOW
2023-12-22,55.09,55.66,54.85,55.12,2341994,DOW
2023-12-21,55.01,55.2,54.48,54.97,2653927,DOW
2023-12-20,54.78,55.35,54.57,54.58,4953500,DOW
2023-12-19,54.47,55.02,54.4,54.92,3689791,DOW
2023-12-18,54.75,54.83,54.0,54.25,3219199,DOW
2023-12-15,53.56,54.38,53.12,54.24,9910007,DOW
2023-12-14,52.88,54.45,52.75,54.23,7892923,DOW
2023-12-13,50.55,52.405,50.46,52.33,4774217,DOW
2023-12-12,51.28,51.3623,50.59,50.82,4350494,DOW
2023-12-11,50.87,51.52,50.76,51.28,3582664,DOW
2023-12-08,51.04,51.78,50.9,50.92,3664115,DOW
2023-12-07,51.11,51.2653,50.615,51.07,2822882,DOW
2023-12-06,51.44,51.73,50.7701,50.89,3533106,DOW
2023-12-05,51.74,51.855,50.97,51.14,4691247,DOW
2023-12-04,52.27,52.77,51.97,52.1,6354711,DOW
2023-12-01,51.8,52.62,51.57,52.3,4274011,DOW
2023-11-30,51.5,51.88,51.23,51.75,4649814,DOW
2023-11-29,50.99,51.97,50.97,51.33,3551666,DOW
2023-11-28,51.2,51.97,50.595,51.69,6376948,DOW
2023-11-27,51.4,51.6,51.02,51.12,3896244,DOW
2023-11-24,51.56,51.94,51.45,51.67,1679728,DOW
2023-11-22,51.75,51.7801,51.1,51.4,3139796,DOW
2023-11-21,51.69,51.85,51.455,51.73,2840792,DOW
2023-11-20,51.67,51.89,51.36,51.68,3761510,DOW
2023-11-17,51.88,51.88,51.25,51.7,3306157,DOW
2023-11-16,51.47,51.65,50.87,51.44,5034303,DOW
2023-11-15,51.19,51.9,50.87,51.53,5032481,DOW
2023-11-14,50.0,51.49,49.93,51.05,4849038,DOW
2023-11-13,49.13,49.52,48.905,49.24,3161041,DOW
2023-11-10,48.54,49.68,48.51,49.48,3825237,DOW
2023-11-09,48.75,48.78,48.2402,48.36,3340916,DOW
2023-11-08,48.54,48.62,47.78,48.3,4133433,DOW
2023-11-07,48.71,48.87,48.24,48.53,5172694,DOW
2023-11-06,49.73,49.8,49.14,49.34,3641136,DOW
2023-11-03,49.44,50.075,49.44,49.73,3743982,DOW
2023-11-02,48.58,49.09,48.51,48.99,3741744,DOW
2023-11-01,48.24,48.425,47.6,48.21,4703010,DOW
2023-10-31,48.39,48.795,48.11,48.34,4660496,DOW
2023-10-30,48.66,49.05,47.995,48.34,3698613,DOW
2023-10-27,48.02,48.545,47.84,48.11,4714936,DOW
2023-10-26,47.4,48.28,47.4,48.02,6216235,DOW
2023-10-25,48.93,49.03,47.26,47.54,4920150,DOW
2023-10-24,48.43,49.72,48.0,49.24,5506665,DOW
2023-10-23,48.77,48.9,48.125,48.24,5592195,DOW
2023-10-20,49.48,49.57,48.92,48.99,3920006,DOW
2023-10-19,49.8,50.29,49.385,49.45,3754501,DOW
2023-10-18,50.39,50.83,49.9301,50.08,3495270,DOW
2023-10-17,49.75,51.03,49.73,50.73,3309336,DOW
2023-10-16,50.33,50.53,49.79,50.19,2786407,DOW
2023-10-13,50.56,50.71,49.61,49.73,3659754,DOW
2023-10-12,51.31,51.31,49.75,50.25,3012479,DOW
2023-10-11,51.1,51.51,50.51,50.89,3049743,DOW
2023-10-10,51.13,51.815,51.06,51.31,2906505,DOW
2023-10-09,50.28,50.9,49.94,50.81,3333677,DOW
2023-10-06,49.77,50.915,49.53,50.28,4215746,DOW
2023-10-05,50.79,51.15,49.74,49.86,5161751,DOW
2023-10-04,51.48,51.48,50.205,51.11,4727292,DOW
2023-10-03,50.95,52.05,50.89,51.02,5179315,DOW
2023-10-02,51.29,51.66,50.74,51.3,4690974,DOW
2023-09-29,51.34,51.77,51.1901,51.56,4234790,DOW
2023-09-28,50.96,51.18,50.52,50.93,3965266,DOW
2023-09-27,50.85,51.36,50.61,51.0,3048815,DOW
2023-09-26,50.53,51.265,50.345,50.48,3451822,DOW
2023-09-25,50.8,51.355,50.44,51.09,4331560,DOW
2023-09-22,51.1,51.25,50.075,50.25,4465872,DOW
2023-09-21,52.05,52.33,50.98,51.0,4359180,DOW
2023-09-20,52.96,53.49,52.43,52.46,2309417,DOW
2023-09-19,53.44,53.73,52.3488,52.9,3986260,DOW
2023-09-18,53.82,53.9499,53.245,53.38,4593662,DOW
2023-09-15,54.04,54.11,53.615,53.84,7464144,DOW
2023-09-14,53.4,54.2326,53.29,54.04,4604325,DOW
2023-09-13,53.66,53.81,52.585,52.82,3079128,DOW
2023-09-12,53.67,54.22,53.455,53.63,2527562,DOW
2023-09-11,54.14,54.89,53.62,53.67,3322604,DOW
2023-09-08,54.31,54.78,53.6,53.71,3988432,DOW
2023-09-07,54.75,54.94,53.52,54.1,4275541,DOW
2023-09-06,53.96,54.93,53.92,54.89,4645057,DOW
2023-09-05,55.18,55.4,53.985,54.19,4914098,DOW
2023-09-01,55.03,55.56,54.76,55.29,4335687,DOW
2023-08-31,54.64,54.9,54.52,54.56,4116381,DOW
2023-08-30,54.56,54.9,54.34,54.75,3482825,DOW
2023-08-29,54.79,55.285,54.49,55.24,3789488,DOW
2023-08-28,54.16,54.88,54.15,54.6,3429703,DOW
2023-08-25,53.98,54.38,53.645,53.98,3282768,DOW
2023-08-24,53.0,53.89,53.0,53.54,3198503,DOW
2023-08-23,53.65,53.95,52.81,53.4,3391339,DOW
2023-08-22,54.3,54.48,53.525,53.79,2746001,DOW
2023-08-21,54.25,54.4,53.82,54.17,3112742,DOW
2023-08-18,53.76,54.13,53.44,54.02,2921107,DOW
2023-08-17,53.77,54.66,53.7,53.86,3614874,DOW
2023-08-16,53.19,53.76,53.09,53.32,3549131,DOW
2023-08-15,54.7,55.17,53.4219,53.53,5280364,DOW
2023-08-14,55.34,55.54,54.82,55.38,3637176,DOW
2023-08-11,55.7,55.995,55.271,55.45,4547033,DOW
2023-08-10,55.9,56.23,55.62,55.98,5146998,DOW
2023-08-09,55.42,56.035,54.86,55.54,4619654,DOW
2023-08-08,54.72,55.12,54.26,55.01,3607409,DOW
2023-08-07,54.87,55.82,54.84,55.52,3263527,DOW
2023-08-04,54.96,55.45,54.445,54.51,3626313,DOW
2023-08-03,54.36,55.73,54.36,54.9,4630375,DOW
2023-08-02,55.06,55.49,54.67,54.7,4499120,DOW
2023-08-01,56.25,56.42,55.54,55.78,5565897,DOW
2023-07-31,55.53,56.49,55.45,56.47,6387760,DOW
2023-07-28,55.46,55.87,55.155,55.46,4561204,DOW
2023-07-27,54.1,55.03,53.8,54.94,8079560,DOW
2023-07-26,53.25,53.96,53.2,53.7,7582034,DOW
2023-07-25,52.94,55.145,52.85,53.48,9077431,DOW
2023-07-24,53.17,53.36,52.255,52.55,6687890,DOW
2023-07-21,53.1,53.18,52.6,53.05,4095338,DOW
2023-07-20,53.32,53.34,52.6,53.05,3751907,DOW
2023-07-19,52.84,53.04,52.53,52.82,3731780,DOW
2023-07-18,52.43,53.355,52.38,52.98,4815807,DOW
2023-07-17,52.54,52.685,52.17,52.43,4318450,DOW
2023-07-14,54.01,54.06,52.75,52.92,3885665,DOW
2023-07-13,54.19,54.45,53.8,54.21,3291962,DOW
2023-07-12,54.36,54.66,53.17,54.11,5983992,DOW
2023-07-11,53.5,53.9,53.37,53.42,3470766,DOW
2023-07-10,52.77,53.67,52.675,53.27,3663130,DOW
2023-07-07,52.42,53.94,52.32,53.1,5400350,DOW
2023-07-06,52.29,52.875,51.76,52.77,5552966,DOW
2023-07-05,53.18,53.44,52.52,52.84,5878283,DOW
2023-07-03,53.25,53.99,53.23,53.78,2228479,DOW
2023-06-30,53.58,53.59,52.99,53.26,4158062,DOW
2023-06-29,52.95,53.37,52.69,53.24,2559355,DOW
2023-06-28,52.57,52.97,51.87,52.96,3364817,DOW
2023-06-27,51.93,52.62,51.6201,52.57,3176280,DOW
2023-06-26,51.43,52.225,51.3,51.95,3073878,DOW
2023-06-23,50.73,51.5,50.26,51.36,3703199,DOW
2023-06-22,50.42,51.49,50.2,51.39,4734283,DOW
2023-06-21,51.68,52.4895,51.26,51.88,3591413,DOW
2023-06-20,52.32,52.44,51.24,51.92,5084332,DOW
2023-06-16,53.3,53.31,52.6,53.16,9536099,DOW
2023-06-15,52.74,53.74,52.58,53.48,3283577,DOW
2023-06-14,53.56,53.86,52.505,52.81,3319848,DOW
2023-06-13,52.15,53.55,51.98,53.14,4273630,DOW
2023-06-12,51.8,52.31,51.36,51.8,3888781,DOW
2023-06-09,52.42,52.68,51.635,51.74,5478090,DOW
2023-06-08,54.11,54.34,52.25,52.78,5094630,DOW
2023-06-07,52.82,53.95,52.72,53.87,6453715,DOW
2023-06-06,51.11,52.88,51.07,52.59,7378361,DOW
2023-06-05,51.69,52.365,51.47,51.5,5567377,DOW
2023-06-02,50.11,51.68,50.01,51.61,7786811,DOW
2023-06-01,49.0,49.345,48.51,49.0,4573854,DOW
2023-05-31,49.13,49.37,48.34,48.78,8124754,DOW
2023-05-30,49.53,49.745,48.9,49.5,5222783,DOW
2023-05-26,50.73,50.79,50.2501,50.34,3513139,DOW
2023-05-25,51.0,51.12,49.965,50.37,4688161,DOW
2023-05-24,52.11,52.11,51.19,51.32,3162638,DOW
2023-05-23,51.77,52.32,51.45,51.96,3611374,DOW
2023-05-22,52.02,52.21,51.54,51.77,3478366,DOW
2023-05-19,52.25,52.34,51.61,51.95,3747363,DOW
2023-05-18,51.23,52.005,50.85,51.87,4451856,DOW
2023-05-17,51.32,51.84,51.089,51.48,4777443,DOW
2023-05-16,52.01,52.1,50.98,51.06,4611159,DOW
2023-05-15,52.62,52.66,51.75,52.26,3774762,DOW
2023-05-12,52.55,52.74,52.055,52.31,3260208,DOW
2023-05-11,53.0,53.01,51.94,52.34,5499626,DOW
2023-05-10,54.28,54.575,52.85,53.45,3888226,DOW
2023-05-09,53.89,53.94,53.47,53.67,3285273,DOW
2023-05-08,54.42,54.91,54.01,54.15,2725321,DOW
2023-05-05,54.26,54.58,53.83,54.41,4145354,DOW
2023-05-04,52.9,53.41,52.27,53.36,3899887,DOW
2023-05-03,53.75,54.17,52.91,53.0,3343012,DOW
2023-05-02,53.5,53.89,52.58,53.78,4205962,DOW
2023-05-01,54.46,54.62,53.825,54.11,4013174,DOW
2023-04-28,53.24,54.91,53.17,54.4,6014443,DOW
2023-04-27,52.64,53.52,52.355,53.5,3910815,DOW
2023-04-26,52.27,53.15,52.21,52.58,5930963,DOW
2023-04-25,54.46,55.0,52.5,52.5,8369814,DOW
2023-04-24,55.14,55.4,54.78,55.39,5039595,DOW
2023-04-21,55.36,55.48,54.705,54.87,4179585,DOW
2023-04-20,55.8,56.165,55.365,55.7,3334742,DOW
2023-04-19,56.4,56.5875,55.84,56.44,3828096,DOW
2023-04-18,57.01,57.24,56.385,56.78,3354703,DOW
2023-04-17,56.68,56.945,56.41,56.9,2873700,DOW
2023-04-14,57.05,57.4374,56.25,56.5,3395037,DOW
2023-04-13,56.62,57.16,56.08,56.92,5147640,DOW
2023-04-12,57.45,57.74,56.795,56.89,4679710,DOW
2023-04-11,56.06,56.74,56.0,56.19,4411093,DOW
2023-04-10,55.0,55.81,54.97,55.81,4046642,DOW
2023-04-06,54.38,55.06,54.21,54.66,5022121,DOW
2023-04-05,53.65,54.68,53.45,54.64,3959829,DOW
2023-04-04,55.09,55.28,53.995,54.26,5014688,DOW
2023-04-03,55.22,56.11,55.015,55.33,6588845,DOW
2023-03-31,54.17,54.89,53.96,54.82,4410842,DOW
2023-03-30,54.25,54.3,53.58,54.0,3643754,DOW
2023-03-29,53.76,53.85,53.16,53.6,3710503,DOW
2023-03-28,52.17,52.96,52.12,52.91,3083608,DOW
2023-03-27,52.25,52.7,51.905,52.0,4327969,DOW
2023-03-24,50.85,51.93,50.45,51.78,4338513,DOW
2023-03-23,51.48,52.94,51.155,51.65,4781112,DOW
2023-03-22,52.07,52.6579,51.335,51.38,4523961,DOW
2023-03-21,52.42,52.59,51.575,52.06,4277429,DOW
2023-03-20,50.67,51.41,50.6179,51.26,5403214,DOW
2023-03-17,50.7,50.84,49.7,50.02,11631959,DOW
2023-03-16,49.6,50.98,49.2,50.91,6857017,DOW
2023-03-15,51.03,51.03,49.67,50.48,8006226,DOW
2023-03-14,53.27,53.7398,51.595,52.29,8450387,DOW
2023-03-13,52.95,53.24,51.99,52.4,8481315,DOW
2023-03-10,55.16,55.18,53.315,53.88,5398974,DOW
2023-03-09,56.33,56.67,54.955,55.1,4566235,DOW
2023-03-08,56.21,56.8699,56.09,56.26,4232766,DOW
2023-03-07,56.88,57.2,55.54,55.8,5499227,DOW
2023-03-06,58.01,58.25,56.77,57.11,4841238,DOW
2023-03-03,58.56,58.75,57.795,58.32,3463659,DOW
2023-03-02,57.76,58.6463,57.35,58.44,3992544,DOW
2023-03-01,57.29,58.655,57.23,58.02,4535117,DOW
2023-02-28,57.12,57.51,56.87,57.2,5835329,DOW
2023-02-27,57.38,57.64,56.8,56.99,5443085,DOW
2023-02-24,56.36,57.875,56.06,57.79,4831942,DOW
2023-02-23,57.41,57.72,56.33,57.19,4154221,DOW
2023-02-22,56.78,57.435,56.7,57.01,3735533,DOW
2023-02-21,57.7,57.88,56.7,56.84,6615691,DOW
2023-02-17,58.26,58.505,57.7399,58.13,4317163,DOW
2023-02-16,58.97,59.385,58.29,58.68,4302242,DOW
2023-02-15,59.31,59.76,59.02,59.76,2357602,DOW
2023-02-14,60.04,60.04,59.01,59.76,3749130,DOW
2023-02-13,59.82,60.415,59.62,60.32,3520600,DOW
2023-02-10,59.0,59.84,58.71,59.82,3826315,DOW
2023-02-09,60.52,60.71,58.855,59.08,3874709,DOW
2023-02-08,60.2,60.51,59.56,59.81,3410452,DOW
2023-02-07,60.07,60.875,59.68,60.51,4777474,DOW
2023-02-06,60.0,60.3,59.3,60.09,4658746,DOW
2023-02-03,59.6,60.2428,59.41,60.0,3961018,DOW
2023-02-02,60.07,60.42,59.5359,59.95,4726171,DOW
2023-02-01,59.28,60.715,58.8,60.22,5645064,DOW
2023-01-31,58.07,59.45,57.82,59.35,5739125,DOW
2023-01-30,58.63,59.235,57.8,57.95,4824738,DOW
2023-01-27,58.04,59.33,57.81,58.97,6773311,DOW
2023-01-26,56.66,58.57,55.83,58.12,8002589,DOW
2023-01-25,57.36,57.975,56.85,57.89,5491505,DOW
2023-01-24,57.71,58.46,57.17,58.2,5262520,DOW
2023-01-23,57.43,58.4,57.215,58.04,5213727,DOW
2023-01-20,56.73,57.555,56.32,57.44,6712560,DOW
2023-01-19,56.57,56.99,55.85,56.6,4997532,DOW
2023-01-18,58.02,58.35,56.77,56.84,5641481,DOW
2023-01-17,58.31,58.48,57.26,57.4,5948393,DOW
2023-01-13,58.0,58.775,57.79,58.68,4041164,DOW
2023-01-12,57.96,58.798,57.5,58.52,7305984,DOW
2023-01-11,57.31,57.89,57.02,57.58,8926294,DOW
2023-01-10,55.41,56.58,55.3,56.47,6611676,DOW
2023-01-09,55.04,56.19,54.82,55.28,6510932,DOW
2023-01-06,53.64,55.235,53.32,55.02,6100724,DOW
2023-01-05,52.02,52.98,51.52,52.91,4803038,DOW
2023-01-04,51.66,52.505,51.4,52.33,4527851,DOW
2023-01-03,50.6,51.15,50.31,51.04,3962601,DOW
2022-12-30,50.26,50.531,49.98,50.39,2700277,DOW
2022-12-29,50.07,50.8022,50.0,50.65,2743492,DOW
2022-12-28,51.17,51.35,49.905,49.99,3340288,DOW
2022-12-27,50.91,51.22,50.75,51.19,3094558,DOW
2022-12-23,50.2,50.9112,49.95,50.86,2634437,DOW
2022-12-22,50.16,50.25,49.145,50.17,3342660,DOW
2022-12-21,50.16,50.93,50.07,50.67,3840494,DOW
2022-12-20,49.35,50.005,49.35,49.66,4003416,DOW
2022-12-19,49.81,50.315,48.76,49.33,4674694,DOW
2022-12-16,49.22,49.97,48.88,49.8,8969096,DOW
2022-12-15,50.46,50.5615,49.36,49.53,6190299,DOW
2022-12-14,51.5,52.0477,50.97,51.36,4064268,DOW
2022-12-13,52.5,52.83,51.295,51.56,4884133,DOW
2022-12-12,50.32,51.13,49.84,51.11,5208241,DOW
2022-12-09,50.51,51.4,50.12,50.2,3807000,DOW
2022-12-08,51.18,51.43,50.31,50.56,3815898,DOW
2022-12-07,50.82,51.3393,50.255,50.7,4248704,DOW
2022-12-06,51.45,51.865,50.57,51.05,4373389,DOW
2022-12-05,51.46,51.94,50.99,51.25,5109972,DOW
2022-12-02,50.47,51.7,50.43,51.55,4858349,DOW
2022-12-01,51.25,51.5103,50.8,51.07,4757348,DOW
2022-11-30,50.52,50.97,49.3779,50.97,7194164,DOW
2022-11-29,50.25,50.825,49.88,50.65,4905048,DOW
2022-11-28,50.85,51.155,49.94,50.2,5658665,DOW
2022-11-25,51.5,51.82,51.42,51.56,1648145,DOW
2022-11-23,51.29,51.74,51.14,51.55,3354772,DOW
2022-11-22,50.99,51.78,50.87,51.57,4495575,DOW
2022-11-21,49.44,50.67,48.58,50.17,5719820,DOW
2022-11-18,50.49,50.52,49.36,50.07,3751561,DOW
2022-11-17,49.65,50.15,49.19,50.13,3620352,DOW
2022-11-16,51.15,51.22,50.215,50.51,4294851,DOW
2022-11-15,52.41,52.7,51.14,51.6,4445738,DOW
2022-11-14,52.47,52.895,51.86,51.95,5484386,DOW
2022-11-11,51.0,53.44,50.9,53.14,9009788,DOW
2022-11-10,49.45,50.02,49.12,49.96,6591988,DOW
2022-11-09,49.35,49.39,47.57,47.68,5089935,DOW
2022-11-08,49.89,50.35,49.45,49.65,4739656,DOW
2022-11-07,48.99,49.53,48.31,49.5,5848974,DOW
2022-11-04,48.27,49.88,48.13,49.03,10593273,DOW
2022-11-03,46.27,46.97,45.97,46.49,5122343,DOW
2022-11-02,46.86,48.62,46.775,46.93,7313946,DOW
2022-11-01,47.42,47.57,46.75,46.93,4892382,DOW
2022-10-31,47.48,47.8215,46.625,46.74,6434024,DOW
2022-10-28,47.2,47.77,46.81,47.48,6943166,DOW
2022-10-27,48.12,48.485,47.47,47.62,4524379,DOW
2022-10-26,48.0,48.55,47.89,47.99,6021020,DOW
2022-10-25,46.71,47.94,46.535,47.85,5202539,DOW
2022-10-24,46.89,47.31,46.33,47.04,5645709,DOW
2022-10-21,45.02,46.92,44.95,46.87,7483602,DOW
2022-10-20,45.39,47.63,44.9,44.93,9259900,DOW
2022-10-19,46.24,46.6,45.09,45.13,8371466,DOW
2022-10-18,46.28,46.94,45.375,46.38,8009127,DOW
2022-10-17,45.91,46.07,44.995,45.26,6195320,DOW
2022-10-14,46.29,46.4,44.735,45.12,5889170,DOW
2022-10-13,43.0,46.5,42.91,45.92,8304877,DOW
2022-10-12,43.94,44.2297,43.54,43.81,4982535,DOW
2022-10-11,44.28,44.79,43.42,43.95,5222747,DOW
2022-10-10,44.98,45.44,44.56,44.88,4686103,DOW
2022-10-07,45.05,45.44,44.2,44.41,5265099,DOW
2022-10-06,45.7,46.1,45.315,45.52,5430693,DOW
2022-10-05,45.92,46.44,45.51,46.06,5564652,DOW
2022-10-04,45.8,46.73,45.625,46.62,6959794,DOW
2022-10-03,44.94,45.74,44.45,45.28,6868743,DOW
2022-09-30,44.17,44.84,43.8,43.93,5869756,DOW
2022-09-29,44.5,44.69,43.49,44.16,4905664,DOW
2022-09-28,44.08,45.51,43.91,45.05,8315425,DOW
2022-09-27,43.94,44.17,43.2747,43.79,5444885,DOW
2022-09-26,43.52,44.26,43.16,43.39,5497614,DOW
2022-09-23,44.0,44.2,43.04,43.9,6729595,DOW
2022-09-22,45.28,45.55,44.75,44.77,4623776,DOW
2022-09-21,46.42,46.59,44.97,44.98,5819128,DOW
2022-09-20,45.95,46.28,45.37,46.09,4996045,DOW
2022-09-19,45.64,46.88,45.47,46.74,4900427,DOW
2022-09-16,46.01,46.8,45.41,46.42,10058991,DOW
2022-09-15,47.1,47.76,46.69,46.91,6535487,DOW
2022-09-14,47.61,47.87,46.38,47.07,11484347,DOW
2022-09-13,48.75,49.62,47.555,47.87,9104318,DOW
2022-09-12,51.29,51.79,50.8,50.93,5042809,DOW
2022-09-09,50.23,50.715,50.02,50.51,6265662,DOW
2022-09-08,48.49,49.51,47.95,49.4,5964055,DOW
2022-09-07,48.34,49.245,48.03,48.97,6517456,DOW
2022-09-06,49.9,50.08,48.34,48.59,8101198,DOW
2022-09-02,50.53,50.76,48.905,49.31,5125300,DOW
2022-09-01,50.46,50.49,49.14,49.96,6378525,DOW
2022-08-31,51.24,51.64,50.58,51.0,6069609,DOW
2022-08-30,52.83,52.96,51.26,51.38,7452178,DOW
2022-08-29,53.0,54.01,52.54,53.57,9290697,DOW
2022-08-26,55.98,56.37,54.26,54.46,5777736,DOW
2022-08-25,54.83,55.79,54.757,55.76,5736180,DOW
2022-08-24,55.5,55.64,54.08,54.24,6957246,DOW
2022-08-23,54.66,55.76,54.53,55.62,3894509,DOW
2022-08-22,54.49,54.6977,53.9,54.41,6342710,DOW
2022-08-19,55.68,55.92,55.15,55.49,3517928,DOW
2022-08-18,55.72,56.225,55.42,56.02,3561483,DOW
2022-08-17,55.52,55.91,55.01,55.46,4197959,DOW
2022-08-16,55.36,56.425,55.34,56.11,3925907,DOW
2022-08-15,55.48,55.5,54.86,55.34,5991740,DOW
2022-08-12,55.33,55.94,55.31,55.93,4389097,DOW
2022-08-11,54.76,55.72,54.76,55.26,5066165,DOW
2022-08-10,53.85,54.655,53.81,54.04,5998593,DOW
2022-08-09,52.15,52.85,52.11,52.72,4338954,DOW
2022-08-08,51.88,52.76,51.8,52.15,4511550,DOW
2022-08-05,50.77,51.77,50.73,51.49,5954500,DOW
2022-08-04,51.31,51.7,50.86,50.99,6963729,DOW
2022-08-03,52.0,52.0,51.3357,51.49,5139265,DOW
2022-08-02,52.3,52.67,51.54,51.55,5797806,DOW
2022-08-01,52.58,52.6,51.43,52.46,5913393,DOW
2022-07-29,52.76,53.795,52.47,53.21,9754287,DOW
2022-07-28,52.45,52.91,51.76,52.3,6137925,DOW
2022-07-27,51.44,52.4786,51.21,52.24,4327987,DOW
2022-07-26,51.17,51.8,50.95,51.3,4130858,DOW
2022-07-25,51.17,51.97,51.03,51.58,5933231,DOW
2022-07-22,51.5,51.81,50.44,50.85,5074833,DOW
2022-07-21,50.57,51.44,49.95,51.4,10059732,DOW
2022-07-20,52.45,52.67,51.81,52.55,5977727,DOW
2022-07-19,51.15,52.81,51.08,52.45,6999396,DOW
2022-07-18,50.42,51.05,50.2,50.47,4839000,DOW
2022-07-15,49.73,50.24,49.17,49.55,4810114,DOW
2022-07-14,48.74,49.07,48.27,48.9,4969513,DOW
2022-07-13,50.0,50.21,49.03,49.67,6071487,DOW
2022-07-12,50.89,51.565,50.25,50.42,6068243,DOW
2022-07-11,50.74,51.35,50.51,51.01,3919776,DOW
2022-07-08,52.43,52.88,51.305,51.38,4226891,DOW
2022-07-07,52.14,52.81,51.74,52.28,5507764,DOW
2022-07-06,50.62,51.25,50.035,51.18,5657033,DOW
2022-07-05,50.77,50.82,49.355,50.73,5892037,DOW
2022-07-01,50.91,52.04,49.9,51.69,5255114,DOW
2022-06-30,51.16,52.14,50.85,51.61,5847983,DOW
2022-06-29,52.71,53.01,51.28,51.98,4392792,DOW
2022-06-28,52.8,54.15,52.345,52.53,5169647,DOW
2022-06-27,52.9,53.3,51.97,52.22,7507333,DOW
2022-06-24,51.51,53.8,51.19,53.14,9108956,DOW
2022-06-23,52.25,52.6499,50.42,51.06,9661964,DOW
2022-06-22,52.3,52.79,51.57,52.34,10386777,DOW
2022-06-21,56.34,56.69,54.91,54.95,6391653,DOW
2022-06-17,55.16,55.96,53.97,54.77,12735775,DOW
2022-06-16,55.67,55.97,54.65,55.42,7641766,DOW
2022-06-15,59.02,59.66,56.765,57.41,6387882,DOW
2022-06-14,58.28,59.13,57.4601,58.56,7128918,DOW
2022-06-13,60.49,60.58,57.97,58.68,8509252,DOW
2022-06-10,65.01,65.08,61.86,61.87,6454897,DOW
2022-06-09,66.9,67.015,65.81,65.86,3113574,DOW
2022-06-08,67.06,67.81,66.85,67.24,3200919,DOW
2022-06-07,66.76,67.46,66.42,67.37,4874038,DOW
2022-06-06,67.04,67.61,66.67,67.07,3117322,DOW
2022-06-03,67.59,68.1599,66.68,67.03,4966757,DOW
2022-06-02,68.43,68.97,67.1,68.1,4605703,DOW
2022-06-01,68.65,69.788,67.995,68.11,5958108,DOW
2022-05-31,68.64,68.7504,67.615,67.98,7876019,DOW
2022-05-27,67.59,69.07,67.32,69.06,4784297,DOW
2022-05-26,67.17,68.29,66.91,67.84,5732847,DOW
2022-05-25,66.71,67.68,66.4,67.3,6265070,DOW
2022-05-24,67.2,67.39,65.47,67.07,4664360,DOW
2022-05-23,67.8,68.13,66.84,67.49,6582289,DOW
2022-05-20,68.88,69.73,66.87,68.11,5232192,DOW
2022-05-19,68.31,69.57,67.8,68.76,4988376,DOW
2022-05-18,69.41,70.38,68.495,68.91,4623909,DOW
2022-05-17,69.61,70.2914,68.9,69.97,4502627,DOW
2022-05-16,67.31,68.5955,66.68,67.98,4028344,DOW
2022-05-13,67.5,68.32,67.26,67.56,3924502,DOW
2022-05-12,66.53,67.39,65.665,67.04,6035696,DOW
2022-05-11,66.4,68.5,65.82,66.79,5683317,DOW
2022-05-10,67.43,67.85,65.28,65.81,7885807,DOW
2022-05-09,66.84,67.81,66.47,66.63,7266931,DOW
2022-05-06,68.07,68.37,66.65,67.93,5807753,DOW
2022-05-05,70.26,70.36,67.53,68.47,6530571,DOW
2022-05-04,68.82,70.78,68.43,70.61,5526456,DOW
2022-05-03,67.12,68.33,67.06,68.15,4599474,DOW
2022-05-02,67.15,67.31,65.81,67.06,7250151,DOW
2022-04-29,68.12,68.715,66.31,66.5,6499774,DOW
2022-04-28,68.04,68.04,66.11,67.81,5533819,DOW
2022-04-27,68.12,68.33,67.051,67.45,5412343,DOW
2022-04-26,68.24,68.98,67.35,67.37,6604204,DOW
2022-04-25,67.41,68.34,65.53,68.07,7252142,DOW
2022-04-22,70.07,71.23,68.24,68.5,7439380,DOW
2022-04-21,69.0,71.86,68.89,69.51,10282454,DOW
2022-04-20,67.07,68.17,67.04,67.54,4974792,DOW
2022-04-19,66.03,67.35,65.91,67.05,5292467,DOW
2022-04-18,65.49,66.48,65.3,65.88,4959149,DOW
2022-04-14,64.49,66.0,64.39,65.49,7000362,DOW
2022-04-13,63.49,64.23,63.22,64.16,3465594,DOW
2022-04-12,62.51,63.75,62.29,63.26,4137275,DOW
2022-04-11,61.35,62.62,61.15,61.95,2760390,DOW
2022-04-08,61.77,62.28,61.32,61.68,3913900,DOW
2022-04-07,61.8,61.8,60.03,61.25,4644847,DOW
2022-04-06,63.21,63.29,61.29,61.67,4977031,DOW
2022-04-05,64.0,64.64,63.41,63.49,3423879,DOW
2022-04-04,64.51,64.51,63.32,64.01,3650011,DOW
2022-04-01,64.29,64.93,63.44,64.18,3317188,DOW
2022-03-31,64.15,64.785,63.71,63.72,4302089,DOW
2022-03-30,64.48,64.94,64.03,64.26,3145899,DOW
2022-03-29,63.95,64.32,62.82,64.19,4225668,DOW
2022-03-28,64.3,64.55,63.04,64.11,3879358,DOW
2022-03-25,64.09,64.73,63.84,64.7,3935975,DOW
2022-03-24,63.76,64.2,63.41,64.09,3611574,DOW
2022-03-23,63.4,63.84,63.0201,63.3,2936341,DOW
2022-03-22,64.0,64.53,63.24,63.55,4482616,DOW
2022-03-21,63.12,63.72,62.53,63.34,4726830,DOW
2022-03-18,62.23,63.43,61.805,62.39,9263103,DOW
2022-03-17,59.38,62.88,59.14,62.84,9420575,DOW
2022-03-16,59.16,60.15,58.72,59.64,6154914,DOW
2022-03-15,59.87,60.265,57.62,58.87,8354434,DOW
2022-03-14,61.37,62.03,59.77,60.28,5836192,DOW
2022-03-11,61.06,62.49,60.87,60.91,6140222,DOW
2022-03-10,59.24,61.04,59.23,60.63,5420965,DOW
2022-03-09,59.25,60.9,58.94,59.8,7484736,DOW
2022-03-08,58.11,59.22,57.62,57.84,6583613,DOW
2022-03-07,58.75,59.11,57.645,57.98,6987756,DOW
2022-03-04,58.4,58.875,57.83,58.83,5870803,DOW
2022-03-03,59.29,59.94,58.7401,59.67,4514837,DOW
2022-03-02,57.55,59.79,57.51,59.2,6499750,DOW
2022-03-01,59.12,59.305,56.27,57.13,7668079,DOW
2022-02-28,58.32,59.18,58.01,58.96,6438344,DOW
2022-02-25,58.42,60.145,58.32,59.65,5445243,DOW
2022-02-24,58.89,58.97,57.52,58.72,8108464,DOW
2022-02-23,60.87,61.19,59.875,59.97,5155144,DOW
2022-02-22,60.92,61.04,59.94,60.3,5635049,DOW
2022-02-18,60.75,61.32,60.19,60.59,5078896,DOW
2022-02-17,61.36,62.105,60.625,61.17,3927767,DOW
2022-02-16,61.65,62.91,61.62,62.08,5613614,DOW
2022-02-15,60.82,62.01,60.71,61.86,4076888,DOW
2022-02-14,61.1,61.37,60.125,60.83,4471998,DOW
2022-02-11,60.8,61.91,60.35,61.09,6042091,DOW
2022-02-10,61.89,62.46,60.71,60.95,6537194,DOW
2022-02-09,61.49,62.23,61.25,61.99,5515879,DOW
2022-02-08,60.38,61.17,60.38,61.09,5595518,DOW
2022-02-07,60.93,61.1,59.73,59.91,6214368,DOW
2022-02-04,61.2,61.72,60.54,60.6,4995139,DOW
2022-02-03,61.5,62.445,61.155,61.21,5363825,DOW
2022-02-02,61.71,62.49,61.12,61.66,5463397,DOW
2022-02-01,59.8,61.99,59.7,61.81,6659399,DOW
2022-01-31,59.5,60.05,58.28,59.73,8056096,DOW
2022-01-28,60.71,61.1,59.07,60.04,6971881,DOW
2022-01-27,58.74,61.29,58.74,60.18,11666346,DOW
2022-01-26,57.43,58.25,56.65,57.22,6126011,DOW
2022-01-25,55.89,57.46,54.6393,57.18,5644149,DOW
2022-01-24,55.7,56.82,54.6,56.62,8873378,DOW
2022-01-21,57.68,57.77,56.54,56.72,6189453,DOW
2022-01-20,59.9,60.05,57.77,57.81,5765667,DOW
2022-01-19,60.76,60.92,59.39,59.84,4336312,DOW
2022-01-18,60.76,61.1486,59.57,60.2,4774410,DOW
2022-01-14,59.71,60.83,59.29,60.74,6795305,DOW
2022-01-13,59.3,60.2266,59.2074,59.94,4482598,DOW
2022-01-12,59.515,60.14,58.89,59.26,3742360,DOW
2022-01-11,59.05,59.47,58.41,59.18,5668145,DOW
2022-01-10,58.84,59.3,57.985,58.4,5544298,DOW
2022-01-07,58.63,59.515,58.43,59.1,4633224,DOW
2022-01-06,58.49,58.86,57.24,58.24,5820763,DOW
2022-01-05,58.79,59.59,58.315,58.35,6706303,DOW
2022-01-04,57.25,58.7,57.1,58.41,9067952,DOW
2022-01-03,57.2,57.9,56.79,56.87,5235781,DOW
2021-12-31,56.84,56.9905,56.295,56.72,3070716,DOW
2021-12-30,57.2,57.83,56.725,56.78,3678731,DOW
2021-12-29,56.67,57.11,56.56,57.06,3580902,DOW
2021-12-28,56.01,57.0,55.91,56.63,4749871,DOW
2021-12-27,55.31,55.89,55.17,55.87,3249034,DOW
2021-12-23,54.5,55.7032,54.35,55.14,6240414,DOW
2021-12-22,54.12,54.38,53.64,54.23,3729561,DOW
2021-12-21,54.17,54.81,53.9,54.2,4421997,DOW
2021-12-20,53.1,53.59,52.47,53.51,6250974,DOW
2021-12-17,54.53,54.665,53.38,54.1,10400003,DOW
2021-12-16,54.43,55.36,54.27,54.6,5605880,DOW
2021-12-15,53.79,54.07,52.8597,54.04,4955167,DOW
2021-12-14,53.25,54.5,53.1377,53.88,4048860,DOW
2021-12-13,54.46,54.65,53.0671,53.32,5398761,DOW
2021-12-10,55.15,55.26,54.285,54.68,3628582,DOW
2021-12-09,54.24,54.58,53.725,54.39,5607722,DOW
2021-12-08,55.31,55.48,54.78,54.91,5013675,DOW
2021-12-07,54.45,55.38,54.27,54.86,5806937,DOW
2021-12-06,54.36,54.7184,53.84,53.88,6066355,DOW
2021-12-03,53.0,53.8199,52.73,53.07,6969330,DOW
2021-12-02,52.5,53.475,52.07,53.18,7333262,DOW
2021-12-01,55.49,55.8,52.7,52.76,9123937,DOW
2021-11-30,56.26,56.49,54.41,54.93,10398194,DOW
2021-11-29,57.9,58.38,56.38,56.86,4564444,DOW
2021-11-26,56.64,57.77,55.98,57.6,4317492,DOW
2021-11-24,58.9,59.37,58.59,58.63,3307108,DOW
2021-11-23,59.34,59.72,58.83,59.18,5280023,DOW
2021-11-22,57.56,59.29,57.41,58.79,5310320,DOW
2021-11-19,57.45,57.52,56.03,57.34,7425308,DOW
2021-11-18,58.35,58.37,57.67,57.98,3801860,DOW
2021-11-17,58.68,58.98,58.17,58.34,3342386,DOW
2021-11-16,59.97,59.99,58.84,58.86,4004669,DOW
2021-11-15,60.5,60.82,59.78,59.92,3470443,DOW
2021-11-12,59.79,60.55,59.46,60.06,3464020,DOW
2021-11-11,59.08,59.98,59.02,59.68,4140414,DOW
2021-11-10,58.84,59.29,58.49,58.76,5104029,DOW
2021-11-09,58.54,59.12,58.395,58.79,4399351,DOW
2021-11-08,58.93,59.68,58.295,58.57,4894141,DOW
2021-11-05,57.24,58.745,57.24,58.31,4979097,DOW
2021-11-04,59.0,59.015,56.795,57.17,9047906,DOW
2021-11-03,58.49,59.585,58.09,59.05,6234335,DOW
2021-11-02,57.64,58.74,57.24,58.47,5888642,DOW
2021-11-01,56.01,57.98,56.01,57.44,7430780,DOW
2021-10-29,56.13,56.65,55.66,55.97,5894889,DOW
2021-10-28,56.25,56.86,56.21,56.57,5974358,DOW
2021-10-27,58.58,58.58,55.9,56.0,11512727,DOW
2021-10-26,58.71,59.76,58.1801,58.71,6875227,DOW
2021-10-25,59.24,59.535,58.61,58.71,6293204,DOW
2021-10-22,59.64,60.19,58.38,58.4,5889477,DOW
2021-10-21,60.07,61.17,57.96,59.26,8916567,DOW
2021-10-20,59.16,60.6075,58.9412,59.89,5875321,DOW
2021-10-19,59.09,59.27,58.54,59.19,3650874,DOW
2021-10-18,57.7,59.39,57.6,58.95,4660432,DOW
2021-10-15,59.47,59.73,58.84,58.96,4288162,DOW
2021-10-14,57.43,58.78,57.14,58.74,6430634,DOW
2021-10-13,57.92,58.05,56.65,56.91,7691227,DOW
2021-10-12,58.02,58.37,57.5,57.74,5443834,DOW
2021-10-11,59.25,59.78,58.21,58.23,4139030,DOW
2021-10-08,58.81,59.29,58.4,58.71,4260182,DOW
2021-10-07,57.89,59.47,57.79,58.51,7235870,DOW
2021-10-06,58.36,58.57,56.3,57.16,8699078,DOW
2021-10-05,58.26,59.445,58.1,59.1,5646408,DOW
2021-10-04,58.58,59.0,57.68,58.24,5652962,DOW
2021-10-01,57.67,59.01,57.25,58.58,6925256,DOW
2021-09-30,58.92,59.17,57.55,57.56,4929915,DOW
2021-09-29,59.46,59.6,58.77,58.82,4578945,DOW
2021-09-28,60.15,60.645,59.14,59.46,6681760,DOW
2021-09-27,56.88,60.38,56.88,59.69,12373976,DOW
2021-09-24,57.2,57.34,56.74,56.81,7964986,DOW
2021-09-23,56.77,58.045,56.6,57.43,7814123,DOW
2021-09-22,56.26,56.98,56.255,56.3,6823824,DOW
2021-09-21,56.59,56.86,55.21,55.53,6156370,DOW
2021-09-20,56.26,57.1304,55.31,56.18,7683867,DOW
2021-09-17,58.8,59.17,57.47,57.75,9625499,DOW
2021-09-16,60.14,60.32,59.07,59.47,4650841,DOW
2021-09-15,59.75,60.67,59.67,60.2,5167759,DOW
2021-09-14,61.24,61.3,59.5224,59.65,4493572,DOW
2021-09-13,61.27,61.59,60.215,60.72,4549217,DOW
2021-09-10,60.85,61.44,60.34,60.41,4093257,DOW
2021-09-09,60.25,61.19,60.07,60.28,4439095,DOW
2021-09-08,61.83,62.11,60.51,60.69,4628973,DOW
2021-09-07,61.98,62.3,61.64,61.87,2514731,DOW
2021-09-03,62.45,62.825,61.67,62.12,3690597,DOW
2021-09-02,62.76,63.36,62.42,62.62,3414738,DOW
2021-09-01,62.83,63.0,61.81,62.54,3949213,DOW
2021-08-31,63.7,63.88,62.69,62.9,5449999,DOW
2021-08-30,65.0,65.3275,63.95,63.98,3925138,DOW
2021-08-27,64.19,65.855,64.12,65.38,5348664,DOW
2021-08-26,63.84,64.56,63.47,63.65,3618463,DOW
2021-08-25,63.3,64.18,62.82,63.87,3246877,DOW
2021-08-24,62.46,63.53,62.46,63.26,2896124,DOW
2021-08-23,61.5,62.42,61.46,62.06,3440001,DOW
2021-08-20,60.41,61.11,60.32,60.89,3203679,DOW
2021-08-19,61.04,61.39,60.15,60.55,3981572,DOW
2021-08-18,61.91,62.83,61.71,61.88,4573993,DOW
2021-08-17,62.69,62.875,61.14,62.31,3974459,DOW
2021-08-16,63.2,63.595,62.14,63.32,3163519,DOW
2021-08-13,63.97,64.1,63.35,63.69,2384288,DOW
2021-08-12,64.36,64.62,63.3032,64.01,3581677,DOW
2021-08-11,63.42,64.3,63.22,64.24,3583605,DOW
2021-08-10,62.02,63.57,61.94,63.12,3559953,DOW
2021-08-09,61.72,62.225,61.36,61.82,3178247,DOW
2021-08-06,61.61,62.37,61.55,62.0,3142752,DOW
2021-08-05,61.29,61.8,60.9,61.0,3037315,DOW
2021-08-04,61.74,62.2,60.98,60.99,3340099,DOW
2021-08-03,61.15,62.27,60.155,62.23,4819652,DOW
2021-08-02,62.3,63.59,61.19,61.22,3714490,DOW
2021-07-30,62.49,63.225,61.665,62.16,4646993,DOW
2021-07-29,62.44,62.93,62.01,62.6,3661466,DOW
2021-07-28,61.83,62.3,61.06,61.87,4113699,DOW
2021-07-27,61.51,62.42,60.86,61.95,3568528,DOW
2021-07-26,60.2,62.04,60.2,62.01,6534277,DOW
2021-07-23,60.84,61.28,59.8,60.11,4690527,DOW
2021-07-22,58.56,60.89,58.0,60.48,7111276,DOW
2021-07-21,59.52,60.05,59.055,59.73,7428270,DOW
2021-07-20,58.14,59.19,57.6281,58.62,6771667,DOW
2021-07-19,58.14,58.48,57.055,57.79,7815369,DOW
2021-07-16,61.3,61.72,59.8,60.01,6961324,DOW
2021-07-15,61.8,62.72,61.69,61.91,2745836,DOW
2021-07-14,62.94,63.645,62.17,62.32,2571796,DOW
2021-07-13,63.42,63.69,62.32,62.7,3074497,DOW
2021-07-12,62.56,63.6,61.975,63.22,3100367,DOW
2021-07-09,62.23,63.67,62.1,63.08,5063232,DOW
2021-07-08,61.0,62.02,60.65,61.41,4251323,DOW
2021-07-07,61.7,62.49,61.0937,62.25,3424426,DOW
2021-07-06,63.4,63.45,61.405,61.93,3727013,DOW
2021-07-02,63.33,63.77,62.8,63.51,3173209,DOW
2021-07-01,64.22,64.42,63.42,63.5,3324926,DOW
2021-06-30,62.85,63.62,62.75,63.28,3356526,DOW
2021-06-29,63.28,63.81,62.58,62.98,2653142,DOW
2021-06-28,63.3,63.3,62.17,62.9,2727034,DOW
2021-06-25,63.25,63.8698,63.11,63.29,4259730,DOW
2021-06-24,63.78,63.83,62.76,63.11,4253923,DOW
2021-06-23,64.0,64.27,63.1,63.15,3254512,DOW
2021-06-22,63.46,63.82,62.68,63.5,4019107,DOW
2021-06-21,63.14,63.9485,62.79,63.11,5260165,DOW
2021-06-18,62.55,63.05,61.88,61.98,8745303,DOW
2021-06-17,65.77,65.8,62.33,63.54,5696094,DOW
2021-06-16,67.01,67.12,65.2,65.59,5417533,DOW
2021-06-15,66.91,67.425,66.44,67.22,3255199,DOW
2021-06-14,67.83,68.18,66.63,66.96,3712815,DOW
2021-06-11,68.47,69.02,67.84,68.0,2726116,DOW
2021-06-10,69.99,70.17,67.95,67.99,4022011,DOW
2021-06-09,69.25,69.51,68.47,68.84,3379374,DOW
2021-06-08,69.02,69.72,68.31,69.38,3469512,DOW
2021-06-07,70.37,70.47,68.89,69.24,2804113,DOW
2021-06-04,71.0,71.1403,69.88,70.37,3041943,DOW
2021-06-03,69.35,70.7,68.441,70.61,4322464,DOW
2021-06-02,70.32,70.32,68.86,68.95,4797772,DOW
2021-06-01,69.17,70.53,68.85,70.41,4139082,DOW
2021-05-28,69.08,69.17,67.71,68.42,3815179,DOW
2021-05-27,69.32,69.96,68.24,68.66,6256635,DOW
2021-05-26,68.83,69.64,68.21,69.57,6059237,DOW
2021-05-25,69.46,70.45,68.96,69.04,4419444,DOW
2021-05-24,69.59,70.01,69.095,69.55,3420090,DOW
2021-05-21,68.68,69.6,68.55,68.83,3855720,DOW
2021-05-20,68.46,68.72,67.86,68.26,3126454,DOW
2021-05-19,68.5,68.91,67.27,68.55,4398488,DOW
2021-05-18,71.0,71.38,69.51,69.53,3523761,DOW
2021-05-17,69.58,71.08,69.47,70.91,3607502,DOW
2021-05-14,68.5,70.04,68.37,69.83,4817174,DOW
2021-05-13,67.46,68.6,67.32,68.08,3068440,DOW
2021-05-12,68.75,69.1,67.4,67.6,4886215,DOW
2021-05-11,67.84,68.9,67.2,68.57,5693429,DOW
2021-05-10,69.75,70.6,68.66,68.73,5038957,DOW
2021-05-07,68.35,69.32,67.78,69.04,5174923,DOW
2021-05-06,68.02,69.09,67.17,69.04,4670553,DOW
2021-05-05,66.49,68.235,66.14,68.07,7467100,DOW
2021-05-04,64.25,66.27,63.8,66.22,7367207,DOW
2021-05-03,63.18,65.035,63.12,64.55,6328101,DOW
2021-04-30,63.45,63.71,62.3,62.5,4932315,DOW
2021-04-29,63.82,64.69,63.435,64.06,4366020,DOW
2021-04-28,63.03,64.065,62.7,63.31,5584337,DOW
2021-04-27,62.27,62.85,61.7199,62.65,3781310,DOW
2021-04-26,62.36,62.82,61.93,62.2,4871606,DOW
2021-04-23,61.1,62.49,60.45,62.11,5683494,DOW
2021-04-22,64.0,64.05,60.72,60.93,12028871,DOW
2021-04-21,62.46,65.02,62.375,64.82,4283535,DOW
2021-04-20,64.0,64.05,62.28,62.48,4532442,DOW
2021-04-19,64.8,65.0399,63.94,64.55,2566584,DOW
2021-04-16,65.27,65.51,64.26,64.68,3698844,DOW
2021-04-15,64.88,64.92,63.8,64.57,2632733,DOW
2021-04-14,63.59,64.78,63.36,64.24,4234458,DOW
2021-04-13,63.59,63.68,62.45,63.31,4471855,DOW
2021-04-12,63.6,64.1499,63.3,63.79,3143842,DOW
2021-04-09,63.19,63.56,62.54,63.14,3720978,DOW
2021-04-08,63.86,64.03,62.62,63.19,3639017,DOW
2021-04-07,64.49,64.97,63.66,63.99,2374009,DOW
2021-04-06,64.24,65.39,64.13,64.6,3420312,DOW
2021-04-05,65.0,65.22,64.25,64.59,4077851,DOW
2021-04-01,63.95,64.72,63.48,64.6,3698904,DOW
2021-03-31,64.27,64.96,63.51,63.94,3643785,DOW
2021-03-30,63.72,64.79,63.48,64.61,2605114,DOW
2021-03-29,63.62,65.12,63.5,63.9,3193807,DOW
2021-03-26,63.39,64.14,63.09,63.99,4256347,DOW
2021-03-25,61.47,63.31,61.25,63.24,3921150,DOW
2021-03-24,61.6,63.42,61.4027,62.04,4322624,DOW
2021-03-23,62.67,62.6882,60.4,60.75,5523475,DOW
2021-03-22,63.8,63.8,62.4,63.51,4631116,DOW
2021-03-19,64.72,64.8,62.66,63.91,6445771,DOW
2021-03-18,66.06,67.27,64.63,64.72,4206432,DOW
2021-03-17,63.48,66.25,63.18,66.01,5138887,DOW
2021-03-16,62.69,63.83,61.86,63.18,6461643,DOW
2021-03-15,64.07,64.29,62.45,62.9,5361393,DOW
2021-03-12,64.68,65.05,63.88,64.34,2690951,DOW
2021-03-11,64.33,65.27,64.22,64.32,3651810,DOW
2021-03-10,62.62,64.46,62.37,64.09,4238456,DOW
2021-03-09,63.67,63.71,61.91,62.26,5823245,DOW
2021-03-08,63.17,64.2701,62.51,63.44,4437617,DOW
2021-03-05,62.12,63.04,60.75,62.91,3883764,DOW
2021-03-04,62.06,62.62,60.09,61.2,6050394,DOW
2021-03-03,62.5,63.39,62.01,62.25,5390315,DOW
2021-03-02,62.21,64.04,61.8,62.73,7316038,DOW
2021-03-01,61.15,62.27,60.57,61.54,4084252,DOW
2021-02-26,60.85,61.05,58.8,59.31,6385216,DOW
2021-02-25,62.48,62.837,61.125,61.35,3251657,DOW
2021-02-24,62.0,63.98,61.943,63.69,4668567,DOW
2021-02-23,62.94,62.97,61.51,62.12,4147279,DOW
2021-02-22,60.62,62.56,60.2,62.48,5635660,DOW
2021-02-19,57.75,60.53,57.75,60.39,4037102,DOW
2021-02-18,58.3,58.665,57.1,57.56,3112563,DOW
2021-02-17,58.58,58.91,57.61,58.54,3276026,DOW
2021-02-16,58.9,59.355,58.54,58.75,4072724,DOW
2021-02-12,57.56,58.27,57.445,58.15,1975051,DOW
2021-02-11,57.81,57.94,56.69,57.67,2326578,DOW
2021-02-10,57.0,58.38,56.48,57.67,3425742,DOW
2021-02-09,57.5,57.5153,56.37,56.6,4205306,DOW
2021-02-08,57.75,58.26,57.21,57.35,2543282,DOW
2021-02-05,56.74,57.83,56.44,57.24,3732511,DOW
2021-02-04,55.47,56.37,54.82,56.34,4312347,DOW
2021-02-03,54.31,55.395,54.039,55.35,3984229,DOW
2021-02-02,53.56,54.87,52.87,54.61,5223574,DOW
2021-02-01,52.39,52.84,51.33,52.75,4128319,DOW
2021-01-29,53.85,54.705,51.76,51.9,8895444,DOW
2021-01-28,54.14,54.85,53.0,54.38,5817027,DOW
2021-01-27,54.64,55.08,52.66,54.39,6283536,DOW
2021-01-26,57.89,58.25,55.7,55.74,3060282,DOW
2021-01-25,56.86,57.42,55.66,57.23,3682556,DOW
2021-01-22,56.99,57.785,56.87,57.5,2621785,DOW
2021-01-21,58.51,58.77,57.31,57.56,3442039,DOW
2021-01-20,57.87,58.63,57.23,58.57,3724400,DOW
2021-01-19,57.76,58.2,56.33,57.55,4919337,DOW
2021-01-15,58.62,58.82,57.13,57.31,6692942,DOW
2021-01-14,60.21,60.5,59.42,59.65,3578778,DOW
2021-01-13,60.75,61.31,59.66,60.03,3236261,DOW
2021-01-12,59.32,61.21,59.0,61.04,6227116,DOW
2021-01-11,57.7,58.95,57.25,58.86,3455867,DOW
2021-01-08,58.37,58.86,57.75,58.21,4063547,DOW
2021-01-07,59.0,59.77,58.105,58.51,4437561,DOW
2021-01-06,56.95,59.21,56.55,58.43,6208448,DOW
2021-01-05,54.14,56.17,54.0,55.8,3112791,DOW
2021-01-04,55.82,56.1214,53.65,54.04,4853062,DOW
2020-12-31,55.47,56.1,55.11,55.5,2663490,DOW
2020-12-30,54.35,55.66,54.3,55.47,3790040,DOW
2020-12-29,54.5,54.82,53.85,54.33,2221992,DOW
2020-12-28,55.27,55.77,54.18,54.29,3664992,DOW
2020-12-24,54.92,54.9681,54.335,54.79,1074880,DOW
2020-12-23,55.02,55.77,54.73,54.75,2251621,DOW
2020-12-22,55.01,55.27,54.44,54.67,2272556,DOW
2020-12-21,54.05,55.2,53.73,55.08,4458842,DOW
2020-12-18,55.11,55.75,54.24,55.66,11536680,DOW
2020-12-17,54.2,54.33,53.585,53.83,2222358,DOW
2020-12-16,54.03,54.1096,53.24,53.83,1948873,DOW
2020-12-15,53.85,54.15,53.15,54.13,2335474,DOW
2020-12-14,54.6,54.76,53.03,53.06,3121894,DOW
2020-12-11,54.29,54.45,53.57,54.0,2674780,DOW
2020-12-10,54.66,55.11,54.04,54.43,3401959,DOW
2020-12-09,54.94,55.7499,54.35,54.66,3219097,DOW
2020-12-08,52.9,54.67,52.8,54.55,3161546,DOW
2020-12-07,54.93,54.94,53.02,53.21,3602707,DOW
2020-12-04,53.81,55.1,53.8,55.05,3294474,DOW
2020-12-03,52.99,53.889,52.8,53.6,3213895,DOW
2020-12-02,53.32,53.565,52.69,53.2,3722954,DOW
2020-12-01,54.43,54.43,52.9,53.53,4313121,DOW
2020-11-30,54.89,55.0,52.8,53.01,8760639,DOW
2020-11-27,55.91,56.05,55.01,55.4,2847383,DOW
2020-11-25,57.45,57.45,56.165,56.43,4158453,DOW
2020-11-24,57.0,58.18,56.61,57.73,4401732,DOW
2020-11-23,55.28,56.29,55.28,55.94,4563309,DOW
2020-11-20,55.07,55.42,54.28,54.73,2871818,DOW
2020-11-19,54.91,55.49,53.92,55.34,3514002,DOW
2020-11-18,54.65,56.275,54.53,55.3,5903454,DOW
2020-11-17,53.16,54.56,52.83,54.48,4794952,DOW
2020-11-16,53.55,53.94,52.14,53.93,4075611,DOW
2020-11-13,50.27,52.13,50.2,51.97,3483195,DOW
2020-11-12,51.74,52.07,50.54,51.04,3468632,DOW
2020-11-11,53.5,53.605,52.02,52.21,4118487,DOW
2020-11-10,52.33,53.7,52.07,53.46,6148698,DOW
2020-11-09,51.59,54.18,51.54,52.12,9208254,DOW
2020-11-06,49.23,49.82,48.031,48.23,3061541,DOW
2020-11-05,46.9,49.45,46.88,48.97,4253017,DOW
2020-11-04,47.95,48.34,46.2522,46.45,4542285,DOW
2020-11-03,48.25,49.03,47.66,48.73,3293458,DOW
2020-11-02,46.25,48.06,45.88,47.82,3675799,DOW
2020-10-30,45.86,46.1899,44.73,45.49,5166099,DOW
2020-10-29,44.63,46.66,44.57,46.25,4300088,DOW
2020-10-28,44.94,45.7,44.33,45.18,6157072,DOW
2020-10-27,46.92,47.19,46.39,46.57,4141156,DOW
2020-10-26,47.94,48.14,46.8168,47.15,4026350,DOW
2020-10-23,49.52,49.9499,48.41,48.53,3123429,DOW
2020-10-22,49.81,50.16,47.15,48.82,5247621,DOW
2020-10-21,49.38,49.715,48.55,48.55,4092535,DOW
2020-10-20,49.35,50.15,49.21,49.34,2504534,DOW
2020-10-19,49.33,50.33,48.74,48.84,2903457,DOW
2020-10-16,49.37,49.995,49.13,49.3,2754650,DOW
2020-10-15,47.88,49.075,47.84,49.01,2793820,DOW
2020-10-14,47.84,48.9699,47.42,48.83,5323887,DOW
2020-10-13,48.48,48.98,47.8,47.88,6832232,DOW
2020-10-12,49.4,49.5,48.2622,48.58,3005701,DOW
2020-10-09,49.8,50.09,48.7,49.36,4473120,DOW
2020-10-08,48.62,49.41,48.4759,49.38,2962044,DOW
2020-10-07,48.45,49.06,48.0,48.3,4506471,DOW
2020-10-06,49.12,49.79,47.86,47.88,4474717,DOW
2020-10-05,47.9,48.8832,47.7,48.58,3913406,DOW
2020-10-02,45.37,47.47,45.13,47.31,4559039,DOW
2020-10-01,47.21,47.5,45.93,46.11,3407842,DOW
2020-09-30,47.19,48.12,46.6102,47.05,4663564,DOW
2020-09-29,47.23,47.78,46.26,46.57,2716855,DOW
2020-09-28,46.5,48.28,46.5,47.48,3993125,DOW
2020-09-25,45.77,46.4,45.63,46.04,4090217,DOW
2020-09-24,46.67,46.99,45.69,46.41,4648682,DOW
2020-09-23,47.68,48.12,46.47,46.74,4017963,DOW
2020-09-22,47.98,48.155,47.2,47.8,4181859,DOW
2020-09-21,49.04,49.33,47.18,47.91,6468795,DOW
2020-09-18,50.53,51.23,50.25,50.37,6271507,DOW
2020-09-17,49.37,51.25,48.85,50.97,5253719,DOW
2020-09-16,50.19,51.1,49.43,49.7,5864228,DOW
2020-09-15,50.61,51.5601,50.39,51.07,4771657,DOW
2020-09-14,50.07,50.51,49.695,50.09,5298909,DOW
2020-09-11,49.21,50.42,49.04,49.85,6225695,DOW
2020-09-10,49.3,49.75,48.66,48.7,4211309,DOW
2020-09-09,48.57,49.88,48.5,49.23,4168293,DOW
2020-09-08,47.69,48.415,47.435,47.93,4280766,DOW
2020-09-04,49.29,49.7,48.08,48.6,5326331,DOW
2020-09-03,49.28,49.8,47.92,48.39,6726911,DOW
2020-09-02,47.68,49.28,47.42,49.22,7305907,DOW
2020-09-01,44.79,47.28,44.47,47.27,5428599,DOW
2020-08-31,45.99,46.11,45.09,45.12,3916817,DOW
2020-08-28,45.41,46.21,44.97,46.05,3772941,DOW
2020-08-27,46.68,46.95,45.81,46.16,3702291,DOW
2020-08-26,45.68,46.66,45.28,46.34,3928691,DOW
2020-08-25,46.41,46.66,45.473,45.59,4188033,DOW
2020-08-24,44.3,46.15,44.02,46.12,4608978,DOW
2020-08-21,43.5,43.87,43.25,43.59,2511639,DOW
2020-08-20,44.02,44.14,43.53,43.69,3324045,DOW
2020-08-19,44.69,45.1,44.25,44.64,3453402,DOW
2020-08-18,44.41,45.03,44.31,44.71,2447199,DOW
2020-08-17,45.1,45.44,44.21,44.46,3256103,DOW
2020-08-14,43.95,45.14,43.83,44.87,1998413,DOW
2020-08-13,43.86,44.87,43.71,44.43,2767067,DOW
2020-08-12,45.22,45.38,43.93,44.28,2577510,DOW
2020-08-11,45.54,46.07,44.34,44.5,4373814,DOW
2020-08-10,42.81,44.89,42.81,44.8,4245910,DOW
2020-08-07,41.58,42.665,41.4444,42.63,2913536,DOW
2020-08-06,41.69,42.3167,41.0555,42.05,3724985,DOW
2020-08-05,41.9,42.48,41.75,41.99,3628782,DOW
2020-08-04,40.04,41.865,39.9,41.32,5408755,DOW
2020-08-03,41.22,41.24,40.08,40.09,5084560,DOW
2020-07-31,41.49,41.92,40.59,41.06,7463214,DOW
2020-07-30,42.66,42.83,41.34,41.73,4118685,DOW
2020-07-29,42.8,43.6359,42.74,43.52,3187161,DOW
2020-07-28,43.74,44.02,42.59,42.62,3395547,DOW
2020-07-27,42.81,44.48,42.43,44.0,4733801,DOW
2020-07-24,42.82,43.48,42.3,42.61,2999946,DOW
2020-07-23,43.0,43.2,41.88,42.82,6574291,DOW
2020-07-22,42.94,44.5,42.885,44.34,5792842,DOW
2020-07-21,42.5,43.43,42.45,43.04,3399612,DOW
2020-07-20,43.34,43.675,42.12,42.3,3578885,DOW
2020-07-17,44.07,44.15,42.96,43.67,4610573,DOW
2020-07-16,43.19,44.265,42.84,43.83,4259812,DOW
2020-07-15,43.65,44.1,42.555,43.33,3786525,DOW
2020-07-14,41.32,42.68,41.24,42.44,4347174,DOW
2020-07-13,41.1,41.84,40.5,41.24,3087864,DOW
2020-07-10,39.44,40.82,39.423,40.76,3006985,DOW
2020-07-09,40.39,40.52,39.17,39.44,3671309,DOW
2020-07-08,41.49,41.78,39.635,40.35,4825707,DOW
2020-07-07,41.74,42.07,41.17,41.69,4535918,DOW
2020-07-06,42.63,42.78,41.56,42.45,4675975,DOW
2020-07-02,41.66,42.25,40.91,41.59,3988108,DOW
2020-07-01,40.75,41.3,40.33,40.75,4024722,DOW
2020-06-30,40.59,40.95,39.76,40.76,4835256,DOW
2020-06-29,40.36,41.195,40.19,40.98,7756715,DOW
2020-06-26,39.56,40.0,38.73,39.8,8332793,DOW
2020-06-25,38.0,40.03,37.68,39.98,5981537,DOW
2020-06-24,40.6,40.72,38.32,38.45,7699335,DOW
2020-06-23,42.48,42.48,41.33,41.35,3601758,DOW
2020-06-22,41.46,42.13,40.67,41.74,3305895,DOW
2020-06-19,42.63,43.0,41.47,41.65,7492701,DOW
2020-06-18,40.65,41.99,40.38,41.58,4103515,DOW
2020-06-17,42.7,42.796,41.03,41.17,3523660,DOW
2020-06-16,44.16,44.5,41.44,42.25,5592437,DOW
2020-06-15,39.48,42.45,39.29,41.98,5665288,DOW
2020-06-12,41.82,41.915,39.985,41.23,5033778,DOW
2020-06-11,41.225,42.04,38.95,39.26,9220524,DOW
2020-06-10,44.39,44.5,43.4,43.58,4265195,DOW
2020-06-09,44.47,44.82,43.919,44.41,5533409,DOW
2020-06-08,44.08,45.93,44.08,45.9,5725470,DOW
2020-06-05,44.71,45.73,43.837,43.97,7656067,DOW
2020-06-04,41.5,42.76,41.32,42.71,3899662,DOW
2020-06-03,41.49,42.3,41.46,41.63,5157362,DOW
2020-06-02,39.2,41.23,39.09,40.6,6080617,DOW
2020-06-01,38.61,39.01,38.18,38.61,3009686,DOW
2020-05-29,38.14,38.99,37.72,38.6,5254184,DOW
2020-05-28,39.57,39.69,38.35,38.71,5266794,DOW
2020-05-27,39.95,40.665,39.03,39.82,6889460,DOW
2020-05-26,38.36,38.95,37.92,38.79,6183485,DOW
2020-05-22,35.68,36.18,35.37,36.12,3040557,DOW
2020-05-21,36.0,36.76,35.66,35.82,3939199,DOW
2020-05-20,36.34,37.0,35.76,36.18,5654723,DOW
2020-05-19,36.63,36.68,35.58,35.64,4414561,DOW
2020-05-18,35.88,38.01,35.71,36.74,8544879,DOW
2020-05-15,33.21,33.98,32.83,33.56,4829217,DOW
2020-05-14,31.19,33.55,30.9,33.51,6187030,DOW
2020-05-13,33.5,33.563,31.79,32.35,5861923,DOW
2020-05-12,34.25,35.41,33.75,33.79,5666104,DOW
2020-05-11,34.2,34.24,33.08,33.9,4320208,DOW
2020-05-08,33.78,34.37,33.37,34.33,4324319,DOW
2020-05-07,32.53,33.8,32.51,32.85,5056234,DOW
2020-05-06,32.71,33.375,31.88,31.96,4593302,DOW
2020-05-05,33.63,34.55,33.23,33.37,5040504,DOW
2020-05-04,32.1,33.14,31.76,33.06,6246170,DOW
2020-05-01,34.73,35.09,33.54,33.93,8706999,DOW
2020-04-30,37.27,37.35,36.05,36.69,10956766,DOW
2020-04-29,37.0,38.09,36.9,37.47,6881614,DOW
2020-04-28,35.48,36.19,34.71,35.87,5865947,DOW
2020-04-27,33.31,34.745,32.81,34.44,4885171,DOW
2020-04-24,33.04,33.35,32.24,33.12,4978403,DOW
2020-04-23,32.1,33.33,32.01,32.56,7721249,DOW
2020-04-22,31.8,32.025,30.88,31.84,5331005,DOW
2020-04-21,30.4,31.16,29.62,30.88,7311050,DOW
2020-04-20,32.18,32.83,31.5,31.53,7131729,DOW
2020-04-17,33.04,34.06,32.6,33.42,6542022,DOW
2020-04-16,32.69,32.69,30.65,31.63,6881425,DOW
2020-04-15,33.85,33.85,31.87,32.23,7580189,DOW
2020-04-14,36.37,37.14,35.09,35.37,7342992,DOW
2020-04-13,36.47,36.9,34.57,35.23,7165515,DOW
2020-04-09,35.75,37.74,35.54,36.56,9891273,DOW
2020-04-08,32.97,34.94,32.36,34.79,7217244,DOW
2020-04-07,32.76,35.07,31.81,32.33,15026462,DOW
2020-04-06,29.53,30.98,29.5,30.54,8019449,DOW
2020-04-03,27.78,28.57,27.42,27.97,8004024,DOW
2020-04-02,27.11,29.84,26.925,28.03,10678830,DOW
2020-04-01,27.84,28.27,26.94,27.04,10334236,DOW
2020-03-31,28.55,30.08,28.45,29.24,7599729,DOW
2020-03-30,28.31,29.39,27.81,28.65,6815125,DOW
2020-03-27,28.0,29.262,26.92,28.56,9100192,DOW
2020-03-26,30.28,31.3,28.95,29.68,14298415,DOW
2020-03-25,29.18,32.425,28.6,30.38,10530088,DOW
2020-03-24,28.66,29.96,26.9,28.47,12316611,DOW
2020-03-23,27.14,28.43,26.01,26.58,11694658,DOW
2020-03-20,28.59,29.69,26.59,27.44,12647941,DOW
2020-03-19,26.28,31.35,25.93,28.12,13887558,DOW
2020-03-18,24.84,28.29,24.51,26.44,16940131,DOW
2020-03-17,25.67,27.6,22.74,26.6,19853725,DOW
2020-03-16,23.1,25.43,21.95,22.0,12198819,DOW
2020-03-13,27.93,28.01,22.58,25.69,17342507,DOW
2020-03-12,25.45,26.39,22.39,23.67,18159366,DOW
2020-03-11,30.19,30.33,27.85,27.99,12444065,DOW
2020-03-10,32.51,33.33,29.315,31.4,12973198,DOW
2020-03-09,34.75,34.94,30.43,30.53,15076868,DOW
2020-03-06,38.72,39.69,38.31,38.97,6927495,DOW
2020-03-05,40.03,40.63,39.66,40.1,5447351,DOW
2020-03-04,41.45,41.97,40.21,41.91,4967034,DOW
2020-03-03,41.35,42.744,39.74,40.56,6763698,DOW
2020-03-02,41.05,41.42,39.78,41.42,7705004,DOW
2020-02-28,38.12,40.49,38.05,40.41,10279951,DOW
2020-02-27,41.33,41.46,39.5,39.55,10007708,DOW
2020-02-26,44.45,44.88,43.02,43.05,6470381,DOW
2020-02-25,46.5,46.535,43.58,43.95,5528829,DOW
2020-02-24,46.61,47.04,45.8,46.24,5075299,DOW
2020-02-21,48.58,48.77,48.08,48.3,3972846,DOW
2020-02-20,47.52,48.81,47.44,48.76,4154247,DOW
2020-02-19,47.82,48.29,47.41,47.56,5644864,DOW
2020-02-18,48.19,48.52,47.229,47.74,3594317,DOW
2020-02-14,48.51,48.94,48.38,48.63,3206989,DOW
2020-02-13,48.9,48.99,48.02,48.3,3302605,DOW
2020-02-12,49.69,50.37,48.99,49.38,2963591,DOW
2020-02-11,48.54,50.01,48.5,48.79,3705361,DOW
2020-02-10,47.8,48.72,47.8,48.19,2488290,DOW
2020-02-07,48.54,48.54,47.45,48.03,3802057,DOW
2020-02-06,49.61,49.66,48.56,49.2,5984683,DOW
2020-02-05,48.88,49.74,48.52,49.61,5402675,DOW
2020-02-04,47.65,48.38,47.44,48.05,5286125,DOW
2020-02-03,46.31,46.97,45.73,46.74,6364885,DOW
2020-01-31,47.7,47.865,45.92,46.07,7532245,DOW
2020-01-30,48.31,48.98,47.66,48.47,5644830,DOW
2020-01-29,48.98,49.95,48.6,49.67,6827952,DOW
2020-01-28,47.4,47.72,47.02,47.16,5812835,DOW
2020-01-27,47.31,47.58,46.64,47.18,4826744,DOW
2020-01-24,49.88,50.27,48.04,48.49,5919307,DOW
2020-01-23,50.22,50.75,49.15,50.25,5797594,DOW
2020-01-22,52.73,52.8,50.682,50.87,5148811,DOW
2020-01-21,52.98,53.15,52.2,52.6,4154674,DOW
2020-01-17,52.53,53.36,52.425,53.34,3897498,DOW
2020-01-16,52.58,52.87,52.17,52.48,3765634,DOW
2020-01-15,52.19,52.65,51.7,52.27,2235412,DOW
2020-01-14,52.19,52.97,51.95,52.24,3689824,DOW
2020-01-13,51.5,52.4,51.47,52.35,2665522,DOW
2020-01-10,52.86,52.87,51.4,51.5,3277304,DOW
2020-01-09,52.75,53.07,51.81,52.19,2667816,DOW
2020-01-08,52.41,53.17,51.92,52.73,3629739,DOW
2020-01-07,52.29,53.065,51.99,52.19,5122795,DOW
2020-01-06,52.32,52.88,52.0,52.21,4292996,DOW
2020-01-03,53.11,53.6,52.41,52.42,5004295,DOW
2020-01-02,55.23,55.54,53.64,53.75,5145239,DOW
2019-12-31,54.02,54.78,53.93,54.73,2145716,DOW
2019-12-30,54.86,55.05,54.24,54.34,1943330,DOW
2019-12-27,55.29,55.55,54.72,54.83,1688526,DOW
2019-12-26,54.98,55.23,54.52,55.22,1909555,DOW
2019-12-24,55.0,55.25,54.65,54.9,926169,DOW
2019-12-23,54.49,55.05,54.22,54.93,2678479,DOW
2019-12-20,55.05,55.25,54.02,54.61,10475184,DOW
2019-12-19,54.43,54.87,54.06,54.52,3355670,DOW
2019-12-18,54.36,54.69,53.54,54.25,3659050,DOW
2019-12-17,54.1,54.74,53.93,54.66,2665310,DOW
2019-12-16,53.61,54.54,53.51,54.17,4039972,DOW
2019-12-13,54.64,54.82,53.25,53.28,3198575,DOW
2019-12-12,53.25,54.58,52.82,54.45,2882315,DOW
2019-12-11,53.5,54.07,53.05,53.1,3196455,DOW
2019-12-10,53.36,53.39,52.69,53.13,2609674,DOW
2019-12-09,53.96,53.98,52.99,53.27,2377246,DOW
2019-12-06,52.59,53.75,52.59,53.22,2852856,DOW
2019-12-05,52.53,52.65,51.68,52.0,2692643,DOW
2019-12-04,53.49,53.49,52.21,52.28,3791364,DOW
2019-12-03,51.96,52.01,51.05,51.82,3989296,DOW
2019-12-02,53.0,53.75,52.89,53.16,3363901,DOW
2019-11-29,54.01,54.28,53.12,53.37,1887577,DOW
2019-11-27,54.68,54.9,53.9,54.28,3925984,DOW
2019-11-26,55.25,55.75,54.82,55.37,4680408,DOW
2019-11-25,54.82,55.23,54.36,55.2,5100027,DOW
2019-11-22,53.98,54.66,53.6,54.2,3119237,DOW
2019-11-21,52.71,53.92,52.35,53.88,4621467,DOW
2019-11-20,53.14,53.45,52.1,52.67,5396391,DOW
2019-11-19,54.81,54.81,52.79,53.39,5230197,DOW
2019-11-18,54.75,54.91,54.12,54.32,3445289,DOW
2019-11-15,54.27,55.29,54.14,54.86,3869678,DOW
2019-11-14,53.3,54.14,53.15,53.95,2597581,DOW
2019-11-13,54.19,54.48,53.46,53.66,3451005,DOW
2019-11-12,56.0,56.11,54.53,55.16,2742339,DOW
2019-11-11,55.55,56.25,55.22,55.81,3199377,DOW
2019-11-08,55.5,55.99,55.02,55.99,4830952,DOW
2019-11-07,54.94,55.94,54.42,55.8,6686416,DOW
2019-11-06,54.16,54.74,53.81,54.28,3864084,DOW
2019-11-05,54.01,55.0,53.65,54.2,6073216,DOW
2019-11-04,52.65,54.41,52.46,54.17,5436126,DOW
2019-11-01,50.98,52.49,50.9,52.31,3240073,DOW
2019-10-31,50.88,51.03,49.71,50.49,3793969,DOW
2019-10-30,51.2,51.47,50.33,51.03,3605620,DOW
2019-10-29,50.96,51.63,50.37,51.49,3471260,DOW
2019-10-28,50.75,51.44,50.43,51.21,4542726,DOW
2019-10-25,49.78,50.76,48.9,50.48,5407984,DOW
2019-10-24,48.65,49.99,47.84,49.47,6117105,DOW
2019-10-23,46.78,47.51,46.55,47.23,4291623,DOW
2019-10-22,47.08,47.384,46.02,46.82,4940254,DOW
2019-10-21,48.59,48.97,47.09,47.12,3999361,DOW
2019-10-18,47.91,48.191,47.36,47.96,3013731,DOW
2019-10-17,47.44,48.54,47.14,47.81,2726017,DOW
2019-10-16,47.49,47.92,47.01,47.12,3630939,DOW
2019-10-15,46.82,48.1,46.53,47.2,3352271,DOW
2019-10-14,46.72,47.27,46.24,46.82,3250767,DOW
2019-10-11,45.75,47.72,45.503,47.13,3699287,DOW
2019-10-10,44.33,45.29,44.02,44.92,4367724,DOW
2019-10-09,44.39,44.54,44.0,44.01,2847753,DOW
2019-10-08,44.75,45.05,43.83,43.85,2999723,DOW
2019-10-07,45.08,45.77,44.765,45.17,2984406,DOW
2019-10-04,45.18,45.78,45.01,45.34,3589401,DOW
2019-10-03,44.85,45.39,44.37,45.31,3464799,DOW
2019-10-02,44.67,45.17,44.36,44.93,4836105,DOW
2019-10-01,47.94,48.57,45.9,45.97,3844516,DOW
2019-09-30,47.26,47.79,47.11,47.65,2568066,DOW
2019-09-27,47.4,47.88,47.01,47.07,3725668,DOW
2019-09-26,47.51,47.69,46.934,47.23,2998577,DOW
2019-09-25,46.55,47.97,46.13,47.68,4415701,DOW
2019-09-24,47.78,48.0,45.95,46.6,4523839,DOW
2019-09-23,47.39,48.215,47.12,47.91,3606911,DOW
2019-09-20,47.47,48.85,47.07,48.21,10589641,DOW
2019-09-19,48.12,48.41,47.49,47.64,2536357,DOW
2019-09-18,47.9,47.9,47.02,47.51,2592233,DOW
2019-09-17,48.67,49.09,47.61,48.0,4921408,DOW
2019-09-16,48.69,49.98,48.28,49.01,5040105,DOW
2019-09-13,47.64,48.44,47.25,48.2,4027252,DOW
2019-09-12,47.07,47.19,45.57,46.97,3649669,DOW
2019-09-11,46.52,47.05,45.58,46.88,4444423,DOW
2019-09-10,45.1,46.37,44.78,46.32,4702818,DOW
2019-09-09,43.53,44.627,43.26,44.45,3639259,DOW
2019-09-06,43.54,43.66,42.66,43.24,3217871,DOW
2019-09-05,43.15,43.97,43.09,43.36,4044431,DOW
2019-09-04,42.59,42.79,41.85,42.54,2654555,DOW
2019-09-03,42.14,42.23,41.15,41.8,3360300,DOW
2019-08-30,42.83,43.0,42.27,42.63,4105361,DOW
2019-08-29,42.33,43.0,42.21,42.37,3296607,DOW
2019-08-28,41.15,42.64,40.76,42.52,4631788,DOW
2019-08-27,41.19,41.73,40.919,41.17,4153371,DOW
2019-08-26,41.27,41.35,40.61,40.82,3404507,DOW
2019-08-23,42.0,42.02,40.44,40.71,6718214,DOW
2019-08-22,43.32,43.9,42.02,42.05,6074608,DOW
2019-08-21,43.85,44.24,43.24,43.28,4398365,DOW
2019-08-20,45.25,45.25,43.07,43.16,5973272,DOW
2019-08-19,45.36,45.863,45.15,45.6,3615483,DOW
2019-08-16,43.29,44.81,42.77,44.51,4586010,DOW
2019-08-15,44.34,44.37,42.96,43.38,3494579,DOW
2019-08-14,45.8,46.15,44.0,44.08,6178272,DOW
2019-08-13,45.78,47.76,45.58,46.85,5415836,DOW
2019-08-12,46.39,46.8,45.52,45.69,5320263,DOW
2019-08-09,46.42,46.99,46.1,46.64,4472721,DOW
2019-08-08,45.197,46.82,45.19,46.79,4573351,DOW
2019-08-07,44.1,45.0,43.91,44.89,4490080,DOW
2019-08-06,45.11,45.45,43.735,44.43,4702804,DOW
2019-08-05,45.06,45.13,44.07,44.77,5147308,DOW
2019-08-02,46.69,47.5,45.37,45.6,5346434,DOW
2019-08-01,48.15,48.6,46.78,46.85,5803209,DOW
2019-07-31,48.49,49.43,47.95,48.44,5188502,DOW
2019-07-30,47.78,48.44,47.78,48.4,4194314,DOW
2019-07-29,48.52,48.88,47.98,48.05,4219839,DOW
2019-07-26,50.27,50.3,48.92,49.11,5066020,DOW
2019-07-25,51.64,51.99,50.3,50.77,4254577,DOW
2019-07-24,52.5,52.99,52.04,52.79,3516493,DOW
2019-07-23,51.0,52.9,50.95,52.62,4387686,DOW
2019-07-22,51.504,51.57,50.6,50.88,2815169,DOW
2019-07-19,51.77,51.83,51.5,51.52,3221517,DOW
2019-07-18,51.55,52.05,51.28,51.75,3662569,DOW
2019-07-17,52.16,52.3,51.23,51.6,4417567,DOW
2019-07-16,50.95,52.645,50.95,52.32,6011246,DOW
2019-07-15,49.77,50.95,49.66,50.93,4923844,DOW
2019-07-12,48.46,50.04,48.08,49.71,4328444,DOW
2019-07-11,47.73,48.06,47.18,47.78,4202113,DOW
2019-07-10,48.34,48.42,47.52,47.55,3507432,DOW
2019-07-09,48.3,48.43,47.5,47.87,4967429,DOW
2019-07-08,49.34,49.5,48.385,48.52,5936049,DOW
2019-07-05,49.01,49.37,48.96,49.31,2529919,DOW
2019-07-03,49.46,49.65,49.2,49.33,2479359,DOW
2019-07-02,50.0,50.06,48.76,49.4,4726195,DOW
2019-07-01,50.0,50.2,49.52,50.16,4659633,DOW
2019-06-28,51.04,51.2,49.08,49.31,6507386,DOW
2019-06-27,50.61,51.14,50.531,50.91,4097246,DOW
2019-06-26,49.85,51.22,49.81,50.45,5244396,DOW
2019-06-25,49.49,50.223,49.05,49.69,4005218,DOW
2019-06-24,48.51,49.7,48.32,49.58,4602352,DOW
2019-06-21,48.82,49.27,48.31,48.36,9478466,DOW
2019-06-20,49.095,49.59,48.62,48.93,4228328,DOW
2019-06-19,49.95,50.24,48.33,48.5,5404141,DOW
2019-06-18,49.75,50.57,49.4,49.61,5014237,DOW
2019-06-17,50.06,50.33,49.05,49.35,5787336,DOW
2019-06-14,52.63,52.69,51.0,51.15,3919484,DOW
2019-06-13,52.68,52.95,52.04,52.88,4179766,DOW
2019-06-12,52.06,52.64,51.68,52.49,3103878,DOW
2019-06-11,52.0,52.17,51.56,52.04,5144357,DOW
2019-06-10,51.72,52.1,51.58,51.62,5434387,DOW
2019-06-07,51.13,51.69,50.87,51.3,5391099,DOW
2019-06-06,50.28,51.31,50.15,51.06,6228075,DOW
2019-06-05,50.49,50.57,49.05,50.34,6413509,DOW
2019-06-04,48.68,49.93,48.64,49.93,7043092,DOW
2019-06-03,46.85,47.96,46.85,47.96,5905198,DOW
2019-05-31,47.96,48.0,46.75,46.76,3396850,DOW
2019-05-30,48.12,48.59,48.02,48.47,3777607,DOW
2019-05-29,48.2,49.43,48.01,48.71,3525856,DOW
2019-05-28,49.37,49.43,48.1,48.56,6613184,DOW
2019-05-24,49.39,49.575,48.44,49.2,2918936,DOW
2019-05-23,49.5,49.86,48.21,48.71,4919173,DOW
2019-05-22,50.46,50.61,49.965,50.21,3019120,DOW
2019-05-21,50.28,51.19,50.02,50.63,4968460,DOW
2019-05-20,50.4,50.54,49.92,50.08,5168422,DOW
2019-05-17,52.34,52.52,50.66,50.8,4440775,DOW
2019-05-16,53.29,53.55,52.73,52.98,3689745,DOW
2019-05-15,51.98,53.325,51.67,52.95,2928861,DOW
2019-05-14,51.33,53.0,50.84,52.48,4204519,DOW
2019-05-13,52.28,52.55,50.76,50.95,4213102,DOW
2019-05-10,52.94,53.714,52.49,53.07,4758371,DOW
2019-05-09,52.26,53.14,51.55,52.93,4579758,DOW
2019-05-08,53.33,53.395,52.31,52.48,5390685,DOW
2019-05-07,52.86,53.325,52.65,52.95,7330785,DOW
2019-05-06,52.15,54.03,51.7,53.46,6089501,DOW
2019-05-03,53.2,53.35,51.72,53.3,7401851,DOW
2019-05-02,55.54,56.49,52.03,52.7,13932682,DOW
2019-05-01,56.82,57.48,55.88,56.13,7644453,DOW
2019-04-30,55.76,57.205,55.6,56.73,6454064,DOW
2019-04-29,55.05,55.685,54.8,55.5,5935245,DOW
2019-04-26,55.3,55.6,54.95,55.25,4009795,DOW
2019-04-25,55.76,55.98,54.82,55.33,6260460,DOW
2019-04-24,57.49,57.89,55.865,55.98,5431323,DOW
2019-04-23,57.29,57.84,57.0,57.64,5687232,DOW
2019-04-22,57.48,58.41,57.26,57.89,4401749,DOW
2019-04-18,58.36,58.61,57.55,57.77,5178855,DOW
2019-04-17,58.95,59.05,58.2,58.32,6420663,DOW
2019-04-16,58.71,58.99,57.84,58.5,6681567,DOW
2019-04-15,58.57,58.85,57.29,57.78,5727269,DOW
2019-04-12,55.93,58.33,55.93,58.3,9281662,DOW
2019-04-11,55.7,56.21,54.83,54.89,7346094,DOW
2019-04-10,55.99,56.41,55.1,55.71,9081860,DOW
2019-04-09,56.8,57.2,56.08,56.27,9179922,DOW
2019-04-08,56.5,58.39,56.27,57.15,10764569,DOW
2019-04-05,58.39,58.98,56.27,57.24,17000788,DOW
2019-04-04,57.2,60.52,57.1,59.71,13311868,DOW
2019-04-03,57.08,57.2,55.51,56.88,15066169,DOW
2019-04-02,55.12,57.39,54.3,56.25,17414153,DOW
2019-04-01,52.3,54.39,51.25,53.5,19663442,DOW
2019-03-29,49.52,52.48,49.18,51.63,1769027,DOW
2019-03-28,50.9,51.0,49.915,50.85,585438,DOW
2019-03-27,49.0,50.78,49.0,50.1,1788588,DOW
2019-03-26,49.0,49.75,48.18,48.85,504734,DOW
2019-03-25,48.6,49.4,48.0,49.15,440892,DOW
2019-03-22,48.8,49.95,48.16,48.6,844690,DOW
2019-03-21,49.99,50.0,48.2,48.98,1764671,DOW
2019-03-20,52.75,53.5,49.5,49.8,2350838,DOW
